Wifi1,Wifi2,Wifi3,Wifi4,Wifi5,Wifi6,Wifi7,Distance,Room
-64,-56,-61,-66,-71,-82,-81,95,1
-68,-57,-61,-65,-71,-85,-85,56,1
-63,-60,-60,-67,-76,-85,-84,55,1
-61,-60,-68,-62,-77,-90,-80,76,1
-63,-65,-60,-63,-77,-81,-87,72,1
-64,-55,-63,-66,-76,-88,-83,65,1
-65,-61,-65,-67,-69,-87,-84,65,1
-61,-63,-58,-66,-74,-87,-82,64,1
-65,-60,-59,-63,-76,-86,-82,69,1
-62,-60,-66,-68,-80,-86,-91,95,1
-67,-61,-62,-67,-77,-83,-91,92,1
-65,-59,-61,-67,-72,-86,-81,80,1
-63,-57,-61,-65,-73,-84,-84,66,1
-66,-60,-65,-62,-70,-85,-83,83,1
-61,-59,-65,-63,-74,-89,-87,57,1
-67,-60,-59,-61,-71,-86,-91,54,1
-63,-56,-60,-62,-70,-84,-91,56,1
-60,-54,-59,-65,-73,-83,-84,59,1
-60,-58,-60,-61,-73,-84,-88,93,1
-62,-59,-63,-64,-70,-84,-84,99,1
-63,-59,-64,-66,-72,-84,-90,85,1
-65,-59,-66,-65,-68,-82,-85,93,1
-63,-56,-63,-65,-72,-82,-89,95,1
-67,-60,-66,-65,-75,-86,-87,55,1
-63,-57,-67,-66,-79,-86,-89,64,1
-66,-59,-64,-68,-68,-97,-83,91,1
-65,-61,-64,-68,-77,-86,-89,67,1
-66,-57,-65,-69,-78,-85,-85,79,1
-67,-57,-64,-71,-75,-89,-87,90,1
-65,-62,-62,-65,-77,-84,-85,71,1
-61,-54,-60,-61,-74,-87,-83,93,1
-65,-53,-60,-62,-69,-85,-83,95,1
-66,-55,-63,-65,-68,-85,-90,56,1
-63,-57,-59,-67,-71,-82,-93,90,1
-63,-57,-62,-65,-76,-82,-88,62,1
-64,-57,-62,-67,-68,-83,-84,57,1
-68,-63,-68,-64,-74,-86,-84,51,1
-70,-62,-68,-65,-81,-89,-83,88,1
-67,-59,-62,-66,-80,-96,-82,69,1
-66,-59,-64,-67,-77,-87,-85,66,1
-66,-59,-65,-68,-75,-88,-84,100,1
-67,-59,-62,-65,-71,-91,-84,72,1
-69,-61,-62,-62,-75,-85,-84,80,1
-68,-58,-65,-65,-76,-87,-82,100,1
-66,-62,-64,-68,-73,-89,-83,70,1
-68,-58,-65,-67,-83,-89,-86,80,1
-65,-58,-62,-67,-77,-86,-91,78,1
-65,-58,-64,-69,-81,-88,-90,100,1
-65,-56,-63,-71,-77,-89,-85,98,1
-64,-59,-65,-70,-84,-90,-89,98,1
-64,-56,-64,-70,-80,-91,-84,76,1
-68,-57,-64,-68,-77,-88,-85,87,1
-67,-56,-65,-68,-82,-96,-89,57,1
-66,-69,-63,-69,-79,-88,-86,79,1
-68,-57,-62,-68,-77,-91,-86,69,1
-62,-58,-61,-68,-70,-85,-86,77,1
-63,-58,-66,-68,-75,-90,-93,74,1
-62,-58,-57,-65,-70,-82,-91,74,1
-64,-51,-57,-67,-68,-84,-82,96,1
-62,-56,-61,-67,-67,-81,-85,52,1
-63,-53,-60,-68,-67,-87,-85,71,1
-64,-54,-58,-69,-65,-86,-86,90,1
-62,-52,-61,-66,-65,-85,-89,84,1
-64,-54,-61,-63,-65,-88,-86,77,1
-58,-54,-61,-66,-75,-87,-86,55,1
-63,-55,-63,-68,-77,-87,-89,60,1
-64,-56,-64,-65,-75,-85,-90,53,1
-64,-56,-64,-67,-77,-81,-85,74,1
-63,-57,-65,-69,-77,-81,-85,63,1
-63,-61,-61,-68,-72,-87,-92,74,1
-59,-55,-62,-64,-68,-77,-86,66,1
-64,-57,-62,-68,-71,-85,-85,86,1
-66,-58,-56,-66,-79,-86,-93,96,1
-63,-59,-58,-64,-74,-82,-90,83,1
-66,-57,-57,-64,-69,-84,-90,51,1
-59,-60,-57,-62,-67,-80,-84,68,1
-60,-57,-55,-66,-69,-82,-89,60,1
-61,-55,-63,-64,-69,-83,-82,71,1
-61,-60,-57,-61,-74,-81,-82,70,1
-65,-60,-60,-62,-75,-83,-79,55,1
-65,-56,-65,-63,-68,-82,-93,76,1
-63,-60,-69,-65,-71,-85,-86,66,1
-62,-57,-60,-65,-72,-83,-87,71,1
-65,-60,-62,-63,-75,-85,-82,87,1
-65,-60,-62,-68,-69,-84,-89,80,1
-67,-56,-62,-70,-69,-86,-84,85,1
-67,-61,-63,-64,-71,-85,-84,87,1
-71,-62,-65,-68,-83,-85,-86,83,1
-68,-64,-66,-73,-81,-86,-83,87,1
-68,-63,-65,-74,-81,-84,-89,52,1
-70,-64,-63,-69,-83,-85,-87,66,1
-72,-63,-64,-70,-81,-85,-87,88,1
-73,-62,-66,-65,-81,-87,-89,88,1
-73,-61,-65,-65,-77,-89,-90,82,1
-73,-63,-65,-70,-80,-89,-93,85,1
-74,-62,-66,-70,-76,-89,-87,83,1
-71,-62,-63,-69,-75,-85,-87,85,1
-71,-64,-64,-70,-78,-88,-94,63,1
-70,-64,-66,-73,-78,-87,-94,95,1
-72,-62,-63,-76,-81,-84,-91,95,1
-72,-59,-65,-75,-81,-84,-91,79,1
-69,-59,-59,-65,-78,-86,-87,77,1
-57,-58,-65,-62,-77,-80,-87,63,1
-63,-55,-62,-66,-76,-89,-85,69,1
-64,-56,-69,-64,-73,-89,-85,68,1
-60,-57,-60,-66,-76,-82,-80,60,1
-64,-58,-59,-61,-70,-84,-86,54,1
-62,-55,-57,-62,-70,-82,-86,63,1
-65,-54,-57,-66,-70,-82,-80,77,1
-61,-56,-53,-62,-63,-84,-91,78,1
-65,-56,-55,-65,-68,-85,-93,72,1
-65,-55,-55,-67,-63,-82,-89,89,1
-59,-57,-62,-61,-68,-80,-83,71,1
-65,-59,-65,-63,-68,-80,-83,75,1
-63,-58,-62,-71,-74,-92,-94,70,1
-63,-59,-61,-62,-78,-90,-82,81,1
-65,-60,-67,-66,-68,-84,-89,100,1
-65,-58,-67,-67,-70,-87,-84,82,1
-65,-58,-70,-66,-71,-85,-83,54,1
-65,-59,-65,-67,-89,-85,-83,84,1
-63,-58,-64,-66,-70,-81,-91,54,1
-61,-54,-56,-59,-68,-82,-83,51,1
-59,-54,-59,-59,-67,-86,-80,55,1
-62,-56,-56,-61,-68,-81,-86,81,1
-61,-51,-58,-62,-71,-80,-84,55,1
-59,-54,-56,-62,-67,-81,-82,89,1
-58,-54,-58,-62,-75,-81,-81,94,1
-57,-53,-59,-64,-71,-80,-79,74,1
-63,-55,-62,-63,-70,-80,-75,72,1
-62,-54,-56,-64,-75,-88,-85,78,1
-62,-58,-57,-62,-72,-81,-81,72,1
-62,-58,-57,-65,-68,-83,-79,88,1
-65,-50,-51,-57,-70,-80,-79,96,1
-63,-48,-51,-59,-69,-77,-82,82,1
-63,-51,-50,-63,-67,-83,-79,90,1
-61,-53,-54,-58,-71,-82,-86,51,1
-56,-53,-58,-64,-71,-84,-87,68,1
-58,-54,-62,-66,-76,-83,-86,61,1
-62,-60,-64,-74,-76,-81,-91,66,1
-64,-59,-68,-67,-74,-82,-82,56,1
-66,-59,-70,-69,-76,-87,-89,84,1
-64,-59,-65,-64,-74,-88,-90,86,1
-64,-54,-65,-63,-71,-85,-89,68,1
-63,-57,-65,-71,-75,-82,-86,52,1
-62,-56,-64,-69,-75,-81,-84,58,1
-63,-58,-65,-66,-78,-81,-88,53,1
-63,-58,-65,-66,-73,-86,-89,91,1
-65,-60,-65,-66,-73,-84,-93,97,1
-63,-58,-64,-67,-74,-87,-87,69,1
-64,-59,-66,-63,-74,-87,-87,97,1
-64,-54,-56,-65,-74,-85,-87,92,1
-62,-55,-63,-61,-68,-81,-83,82,1
-60,-54,-57,-66,-64,-81,-83,79,1
-59,-55,-65,-62,-62,-81,-77,73,1
-63,-52,-56,-59,-66,-80,-80,67,1
-60,-59,-58,-63,-72,-82,-79,79,1
-62,-55,-61,-60,-63,-84,-80,90,1
-62,-51,-58,-61,-63,-77,-80,84,1
-56,-50,-56,-62,-61,-79,-85,69,1
-62,-51,-53,-60,-67,-78,-85,77,1
-58,-55,-58,-61,-67,-78,-80,82,1
-60,-53,-60,-62,-73,-81,-82,77,1
-60,-53,-59,-64,-70,-80,-90,72,1
-60,-56,-58,-65,-70,-80,-87,95,1
-59,-54,-59,-64,-74,-80,-81,99,1
-62,-55,-58,-68,-69,-83,-88,67,1
-62,-58,-59,-66,-68,-87,-88,51,1
-63,-58,-56,-66,-73,-87,-83,63,1
-56,-47,-56,-61,-67,-78,-88,91,1
-62,-51,-54,-59,-64,-77,-81,65,1
-62,-51,-61,-71,-67,-79,-80,56,1
-58,-54,-58,-58,-67,-84,-88,90,1
-57,-54,-56,-56,-68,-79,-82,81,1
-56,-54,-58,-62,-68,-77,-81,98,1
-60,-58,-62,-61,-62,-81,-84,95,1
-60,-55,-58,-57,-75,-74,-82,83,1
-61,-56,-57,-56,-75,-74,-81,84,1
-58,-55,-59,-58,-72,-77,-81,55,1
-59,-49,-53,-59,-62,-81,-83,88,1
-60,-52,-51,-59,-73,-79,-81,85,1
-57,-56,-56,-61,-70,-77,-77,99,1
-57,-57,-59,-61,-67,-80,-83,69,1
-62,-50,-61,-64,-73,-80,-81,60,1
-62,-54,-62,-68,-80,-80,-78,90,1
-63,-57,-63,-64,-73,-86,-81,95,1
-62,-57,-54,-66,-71,-81,-83,77,1
-61,-55,-59,-58,-66,-79,-78,55,1
-60,-59,-56,-63,-64,-82,-81,100,1
-56,-53,-64,-61,-72,-84,-81,100,1
-57,-53,-56,-58,-68,-75,-80,87,1
-60,-55,-60,-59,-67,-81,-87,90,1
-62,-56,-57,-63,-69,-87,-91,85,1
-58,-59,-56,-64,-68,-82,-87,60,1
-63,-56,-61,-61,-68,-83,-87,92,1
-64,-57,-63,-59,-69,-82,-86,100,1
-64,-61,-62,-65,-70,-85,-87,50,1
-61,-58,-60,-61,-74,-78,-83,66,1
-65,-56,-63,-66,-80,-83,-88,77,1
-62,-56,-63,-66,-74,-82,-80,90,1
-62,-49,-59,-63,-62,-80,-79,89,1
-58,-54,-52,-61,-74,-75,-82,62,1
-62,-52,-57,-60,-70,-81,-74,98,1
-65,-53,-53,-57,-64,-87,-80,75,1
-59,-51,-58,-57,-64,-76,-85,80,1
-57,-54,-59,-63,-65,-80,-80,68,1
-62,-50,-57,-59,-72,-82,-84,57,1
-56,-51,-62,-62,-71,-77,-82,90,1
-57,-56,-58,-58,-66,-85,-80,50,1
-58,-54,-61,-59,-68,-78,-76,94,1
-62,-56,-61,-65,-74,-78,-76,50,1
-60,-54,-61,-65,-70,-82,-88,69,1
-62,-63,-62,-65,-68,-87,-86,55,1
-62,-57,-61,-64,-68,-82,-82,70,1
-60,-58,-57,-65,-69,-80,-89,98,1
-62,-56,-59,-68,-74,-95,-84,91,1
-60,-53,-59,-64,-65,-76,-81,68,1
-60,-54,-57,-60,-66,-80,-88,58,1
-59,-55,-61,-65,-68,-84,-84,83,1
-58,-49,-55,-60,-70,-78,-80,86,1
-62,-49,-56,-63,-67,-78,-80,61,1
-63,-48,-54,-65,-67,-82,-80,69,1
-57,-56,-54,-69,-75,-83,-81,92,1
-62,-55,-59,-63,-72,-76,-87,93,1
-61,-50,-59,-67,-65,-79,-86,97,1
-66,-56,-54,-69,-65,-82,-82,92,1
-63,-54,-55,-67,-71,-82,-87,67,1
-60,-57,-58,-64,-70,-84,-79,97,1
-61,-56,-58,-67,-68,-80,-81,99,1
-61,-62,-64,-65,-73,-81,-90,61,1
-66,-58,-58,-68,-73,-85,-78,59,1
-66,-56,-57,-66,-73,-84,-87,78,1
-63,-54,-55,-64,-72,-84,-81,98,1
-58,-53,-58,-64,-73,-82,-82,83,1
-58,-48,-59,-59,-64,-84,-77,62,1
-56,-55,-59,-68,-74,-84,-79,88,1
-59,-54,-63,-72,-75,-81,-78,71,1
-58,-56,-61,-66,-75,-84,-78,72,1
-61,-54,-57,-67,-67,-82,-84,69,1
-62,-56,-67,-63,-68,-82,-86,61,1
-59,-54,-56,-65,-74,-79,-85,62,1
-58,-59,-59,-65,-65,-82,-94,56,1
-63,-54,-61,-66,-73,-84,-88,63,1
-63,-57,-58,-62,-73,-86,-85,60,1
-64,-52,-63,-62,-71,-84,-79,91,1
-62,-57,-58,-65,-71,-87,-86,66,1
-57,-56,-60,-58,-70,-79,-84,79,1
-57,-54,-57,-61,-62,-80,-79,90,1
-63,-59,-65,-62,-65,-83,-80,83,1
-62,-59,-61,-59,-69,-82,-83,59,1
-56,-56,-62,-64,-70,-79,-86,76,1
-57,-52,-60,-61,-66,-81,-85,92,1
-59,-55,-58,-61,-67,-77,-79,94,1
-57,-56,-59,-59,-64,-79,-78,68,1
-58,-58,-61,-59,-69,-81,-80,65,1
-62,-58,-57,-58,-69,-94,-77,59,1
-59,-60,-60,-62,-67,-94,-77,64,1
-62,-55,-58,-62,-67,-81,-77,78,1
-59,-54,-60,-60,-66,-83,-78,74,1
-63,-55,-63,-62,-68,-89,-85,87,1
-63,-59,-61,-61,-66,-79,-80,99,1
-59,-57,-59,-64,-73,-79,-84,99,1
-62,-53,-61,-59,-74,-84,-81,62,1
-58,-51,-59,-65,-74,-86,-82,55,1
-60,-55,-58,-61,-72,-83,-82,50,1
-63,-57,-57,-65,-75,-83,-76,89,1
-64,-57,-56,-63,-68,-85,-81,66,1
-59,-57,-63,-66,-65,-82,-78,80,1
-63,-60,-58,-64,-66,-83,-90,93,1
-65,-56,-60,-66,-74,-89,-90,98,1
-61,-56,-63,-62,-73,-87,-91,85,1
-62,-59,-61,-66,-75,-86,-80,50,1
-63,-52,-61,-64,-75,-80,-83,83,1
-58,-51,-59,-63,-69,-81,-80,87,1
-61,-56,-65,-65,-66,-77,-81,57,1
-61,-56,-62,-67,-66,-81,-88,60,1
-59,-55,-63,-67,-66,-82,-86,63,1
-62,-55,-65,-59,-69,-86,-87,76,1
-61,-54,-64,-59,-68,-86,-88,80,1
-61,-56,-65,-59,-68,-86,-88,84,1
-61,-57,-65,-59,-67,-86,-87,79,1
-60,-57,-66,-60,-68,-87,-89,88,1
-61,-59,-63,-60,-69,-87,-88,69,1
-63,-58,-66,-63,-68,-87,-83,95,1
-63,-57,-59,-66,-71,-82,-83,80,1
-59,-52,-61,-61,-76,-75,-78,75,1
-65,-62,-60,-65,-68,-83,-82,98,1
-66,-53,-58,-63,-69,-81,-80,90,1
-66,-53,-59,-62,-69,-81,-79,91,1
-60,-56,-62,-61,-69,-82,-81,89,1
-56,-50,-58,-63,-68,-83,-83,57,1
-59,-59,-58,-62,-64,-78,-81,60,1
-60,-57,-58,-66,-65,-77,-80,55,1
-59,-56,-58,-68,-62,-80,-81,62,1
-59,-54,-57,-65,-62,-80,-82,55,1
-58,-53,-61,-62,-64,-78,-81,51,1
-59,-60,-61,-66,-66,-81,-85,100,1
-56,-58,-60,-59,-66,-80,-77,98,1
-57,-59,-58,-66,-67,-78,-82,93,1
-62,-53,-58,-65,-67,-82,-84,55,1
-60,-59,-61,-62,-68,-81,-85,73,1
-61,-57,-63,-67,-72,-77,-82,65,1
-61,-55,-62,-62,-65,-82,-81,52,1
-57,-55,-58,-64,-65,-87,-79,57,1
-61,-52,-54,-63,-64,-84,-82,84,1
-61,-54,-54,-67,-60,-81,-83,55,1
-59,-57,-53,-61,-63,-79,-87,74,1
-62,-54,-55,-61,-63,-84,-81,82,1
-62,-54,-58,-64,-65,-77,-85,89,1
-59,-54,-58,-59,-63,-81,-80,72,1
-58,-55,-58,-61,-64,-81,-84,75,1
-61,-54,-64,-63,-68,-83,-81,73,1
-62,-57,-61,-63,-65,-83,-82,93,1
-67,-56,-65,-68,-69,-83,-82,87,1
-63,-57,-60,-64,-72,-80,-78,70,1
-62,-57,-63,-67,-66,-87,-80,91,1
-63,-57,-66,-66,-68,-83,-81,60,1
-62,-57,-59,-72,-73,-86,-82,93,1
-64,-66,-54,-67,-70,-83,-82,66,1
-62,-63,-57,-69,-71,-82,-82,95,1
-64,-64,-58,-75,-68,-82,-80,74,1
-64,-62,-57,-69,-67,-77,-81,80,1
-63,-63,-57,-68,-71,-79,-82,56,1
-61,-55,-58,-67,-69,-84,-86,89,1
-65,-51,-59,-61,-66,-81,-84,70,1
-61,-58,-60,-64,-73,-81,-82,80,1
-64,-55,-62,-66,-65,-85,-81,99,1
-62,-59,-59,-64,-65,-80,-81,97,1
-59,-55,-56,-64,-69,-83,-84,88,1
-64,-56,-60,-61,-67,-78,-85,86,1
-60,-56,-56,-64,-67,-84,-85,70,1
-58,-54,-59,-62,-68,-79,-87,74,1
-59,-52,-61,-57,-69,-83,-78,74,1
-56,-55,-56,-59,-64,-83,-83,98,1
-60,-56,-56,-63,-65,-80,-83,57,1
-59,-53,-64,-60,-68,-82,-81,62,1
-58,-52,-64,-64,-66,-88,-83,71,1
-59,-51,-64,-57,-69,-80,-80,67,1
-58,-50,-59,-58,-68,-80,-81,83,1
-61,-53,-53,-61,-63,-77,-81,76,1
-58,-50,-55,-54,-61,-84,-87,63,1
-60,-58,-56,-65,-68,-79,-86,52,1
-62,-56,-59,-58,-67,-78,-79,98,1
-62,-59,-62,-60,-68,-80,-89,67,1
-61,-58,-64,-61,-64,-78,-82,74,1
-61,-59,-62,-61,-66,-80,-88,87,1
-60,-51,-59,-63,-68,-81,-76,52,1
-60,-58,-57,-59,-66,-82,-83,55,1
-61,-54,-60,-62,-66,-79,-85,85,1
-59,-54,-60,-65,-66,-80,-90,69,1
-61,-59,-62,-65,-66,-81,-83,99,1
-61,-56,-61,-74,-69,-87,-89,52,1
-66,-55,-60,-69,-66,-85,-87,99,1
-64,-58,-60,-68,-66,-86,-88,97,1
-66,-58,-64,-67,-71,-85,-87,80,1
-62,-59,-62,-63,-65,-87,-87,55,1
-60,-56,-59,-66,-68,-81,-83,57,1
-59,-53,-58,-66,-65,-82,-78,71,1
-62,-54,-60,-61,-71,-86,-80,82,1
-61,-59,-54,-65,-66,-81,-89,62,1
-62,-57,-58,-63,-70,-85,-86,52,1
-63,-59,-57,-65,-69,-80,-86,94,1
-67,-61,-63,-65,-71,-81,-87,85,1
-64,-55,-60,-74,-66,-87,-87,84,1
-65,-57,-62,-70,-67,-85,-87,61,1
-64,-57,-60,-70,-69,-86,-83,87,1
-65,-58,-61,-71,-69,-87,-83,76,1
-64,-56,-61,-73,-66,-88,-83,52,1
-62,-57,-60,-64,-67,-80,-88,60,1
-60,-53,-60,-67,-64,-81,-79,85,1
-61,-60,-60,-65,-67,-82,-78,99,1
-63,-58,-62,-65,-68,-81,-74,51,1
-59,-56,-61,-66,-71,-83,-82,50,1
-63,-59,-61,-68,-71,-81,-87,55,1
-63,-58,-61,-67,-69,-86,-85,99,1
-64,-56,-58,-71,-69,-88,-84,69,1
-68,-51,-59,-67,-65,-80,-87,85,1
-63,-57,-63,-64,-67,-81,-83,85,1
-66,-57,-64,-61,-69,-82,-88,83,1
-64,-57,-60,-60,-65,-80,-91,67,1
-58,-50,-61,-68,-64,-85,-91,74,1
-59,-58,-62,-67,-65,-80,-83,95,1
-63,-61,-61,-63,-68,-82,-83,95,1
-65,-58,-61,-62,-71,-81,-86,67,1
-63,-59,-60,-65,-69,-81,-84,61,1
-65,-59,-61,-67,-70,-80,-83,79,1
-66,-57,-59,-64,-69,-82,-84,71,1
-62,-57,-60,-61,-69,-93,-90,89,1
-63,-58,-58,-64,-66,-81,-83,61,1
-62,-58,-58,-63,-68,-82,-84,85,1
-62,-56,-57,-64,-65,-85,-83,73,1
-62,-57,-56,-63,-66,-84,-82,99,1
-62,-55,-54,-62,-69,-79,-81,77,1
-62,-53,-59,-62,-66,-82,-87,81,1
-65,-56,-62,-62,-68,-83,-90,72,1
-65,-54,-60,-64,-65,-87,-82,58,1
-60,-53,-60,-61,-69,-81,-83,72,1
-59,-56,-62,-59,-67,-75,-78,92,1
-61,-52,-60,-61,-68,-80,-84,95,1
-64,-60,-63,-63,-72,-86,-84,72,1
-62,-51,-58,-65,-72,-80,-88,91,1
-60,-54,-56,-64,-70,-78,-80,53,1
-62,-53,-62,-64,-68,-79,-82,59,1
-63,-51,-57,-60,-66,-79,-82,53,1
-63,-51,-58,-63,-68,-81,-87,99,1
-66,-52,-63,-63,-68,-80,-87,68,1
-62,-58,-59,-59,-67,-80,-77,86,1
-62,-56,-61,-63,-65,-83,-89,98,1
-61,-51,-60,-63,-66,-82,-87,70,1
-62,-53,-64,-65,-69,-85,-85,60,1
-64,-55,-54,-64,-68,-89,-81,71,1
-65,-54,-56,-64,-66,-79,-81,50,1
-66,-56,-59,-62,-67,-80,-78,78,1
-60,-62,-66,-66,-71,-84,-85,88,1
-62,-64,-62,-65,-75,-82,-86,84,1
-61,-56,-63,-77,-67,-82,-96,53,1
-64,-52,-59,-59,-66,-86,-87,51,1
-60,-54,-59,-65,-66,-83,-84,62,1
-61,-58,-58,-62,-66,-81,-81,91,1
-62,-54,-60,-61,-70,-79,-81,69,1
-61,-57,-59,-62,-69,-78,-83,68,1
-64,-57,-63,-59,-68,-82,-83,50,1
-63,-57,-66,-63,-68,-82,-82,82,1
-58,-57,-66,-61,-68,-85,-83,65,1
-61,-56,-67,-61,-69,-82,-87,76,1
-60,-56,-67,-62,-69,-82,-86,86,1
-61,-56,-66,-65,-71,-85,-88,89,1
-60,-57,-66,-64,-70,-84,-88,89,1
-61,-56,-64,-61,-72,-83,-86,67,1
-60,-57,-63,-62,-72,-85,-86,95,1
-62,-60,-61,-66,-69,-80,-86,100,1
-64,-59,-62,-63,-69,-84,-81,62,1
-61,-58,-60,-62,-70,-81,-85,74,1
-65,-61,-63,-63,-69,-82,-84,63,1
-68,-56,-65,-67,-76,-87,-85,68,1
-67,-56,-60,-66,-73,-93,-87,71,1
-66,-55,-64,-71,-75,-94,-83,86,1
-65,-57,-63,-71,-76,-87,-86,62,1
-64,-56,-64,-71,-75,-87,-87,83,1
-64,-57,-63,-71,-77,-87,-83,78,1
-65,-58,-65,-65,-74,-89,-85,62,1
-67,-65,-67,-68,-75,-87,-84,97,1
-70,-62,-62,-67,-69,-88,-86,73,1
-64,-58,-60,-67,-68,-84,-81,66,1
-62,-53,-57,-60,-69,-87,-86,55,1
-61,-56,-60,-58,-67,-79,-82,89,1
-65,-54,-65,-70,-74,-83,-82,58,1
-67,-57,-67,-68,-75,-85,-80,64,1
-67,-55,-68,-67,-74,-83,-83,90,1
-68,-57,-66,-69,-76,-81,-82,90,1
-67,-56,-65,-66,-75,-83,-81,65,1
-68,-55,-66,-68,-75,-82,-83,86,1
-67,-57,-64,-68,-75,-82,-82,86,1
-68,-55,-73,-65,-76,-82,-82,75,1
-68,-55,-67,-70,-76,-82,-81,56,1
-68,-56,-66,-69,-75,-82,-83,62,1
-68,-57,-67,-68,-75,-83,-83,91,1
-67,-56,-67,-70,-74,-81,-82,87,1
-69,-59,-70,-67,-75,-82,-82,58,1
-63,-58,-59,-65,-74,-86,-84,63,1
-68,-55,-63,-61,-74,-79,-85,57,1
-67,-57,-60,-60,-75,-83,-87,54,1
-68,-57,-60,-61,-73,-87,-87,51,1
-66,-56,-60,-63,-74,-87,-93,50,1
-69,-58,-56,-61,-73,-81,-93,72,1
-66,-57,-61,-61,-73,-81,-90,67,1
-66,-57,-62,-61,-74,-81,-89,75,1
-65,-57,-60,-64,-74,-81,-90,63,1
-66,-57,-60,-68,-74,-82,-88,94,1
-66,-57,-64,-62,-68,-87,-88,58,1
-63,-57,-64,-69,-75,-85,-83,90,1
-66,-58,-64,-63,-73,-83,-86,67,1
-62,-58,-62,-65,-75,-90,-81,76,1
-62,-59,-62,-63,-74,-86,-81,82,1
-66,-58,-61,-63,-73,-81,-85,95,1
-66,-60,-62,-62,-70,-82,-85,67,1
-60,-52,-59,-65,-66,-82,-80,60,1
-61,-59,-58,-62,-65,-78,-78,61,1
-60,-57,-58,-59,-70,-76,-80,88,1
-62,-52,-56,-63,-64,-78,-81,94,1
-58,-56,-51,-59,-65,-81,-84,85,1
-59,-57,-60,-58,-67,-80,-79,98,1
-59,-57,-60,-60,-63,-81,-77,73,1
-55,-53,-57,-67,-64,-80,-78,68,1
-57,-53,-54,-61,-73,-86,-81,77,1
-62,-52,-59,-62,-64,-80,-81,70,1
-61,-55,-56,-66,-73,-79,-80,60,1
-62,-55,-64,-61,-60,-81,-77,86,1
-60,-51,-61,-63,-64,-86,-81,94,1
-60,-59,-55,-66,-66,-82,-86,92,1
-61,-54,-60,-60,-64,-79,-81,100,1
-59,-52,-58,-65,-66,-82,-80,54,1
-64,-52,-57,-61,-66,-82,-81,81,1
-64,-50,-55,-63,-66,-78,-82,70,1
-61,-53,-52,-60,-72,-75,-81,82,1
-61,-52,-58,-59,-70,-76,-79,94,1
-62,-53,-55,-60,-68,-76,-79,70,1
-62,-51,-54,-60,-74,-74,-82,54,1
-61,-57,-58,-62,-67,-78,-76,57,1
-59,-50,-56,-59,-62,-78,-79,52,1
-59,-49,-57,-58,-65,-76,-79,82,1
-42,-53,-62,-38,-66,-65,-69,90,2
-44,-55,-61,-41,-66,-72,-68,73,2
-41,-58,-56,-40,-73,-69,-73,73,2
-40,-55,-56,-41,-70,-74,-73,85,2
-38,-55,-53,-37,-72,-71,-73,81,2
-38,-54,-56,-45,-56,-72,-68,98,2
-38,-52,-54,-38,-64,-73,-77,99,2
-37,-59,-57,-38,-69,-68,-73,99,2
-37,-61,-61,-37,-71,-68,-73,58,2
-37,-56,-56,-38,-68,-70,-66,99,2
-37,-59,-57,-43,-73,-65,-66,79,2
-39,-54,-61,-43,-75,-64,-74,55,2
-42,-57,-61,-43,-73,-67,-66,57,2
-40,-56,-58,-42,-67,-62,-71,90,2
-41,-56,-54,-41,-76,-65,-68,92,2
-43,-55,-55,-39,-69,-67,-71,51,2
-41,-56,-56,-38,-72,-67,-70,74,2
-41,-56,-60,-39,-72,-74,-66,58,2
-44,-52,-60,-37,-66,-67,-73,70,2
-43,-55,-63,-37,-64,-67,-76,96,2
-40,-59,-57,-43,-74,-65,-66,100,2
-38,-57,-61,-38,-69,-73,-70,65,2
-39,-62,-58,-37,-69,-73,-72,64,2
-35,-58,-61,-38,-67,-71,-71,81,2
-26,-55,-55,-38,-71,-71,-70,61,2
-38,-58,-59,-41,-65,-68,-74,79,2
-27,-55,-57,-37,-67,-71,-71,84,2
-19,-59,-67,-35,-65,-66,-74,62,2
-18,-63,-62,-38,-72,-71,-73,53,2
-14,-58,-60,-38,-74,-74,-73,80,2
-17,-66,-61,-37,-68,-75,-77,77,2
-16,-70,-58,-14,-73,-71,-80,63,2
-19,-62,-56,-13,-74,-72,-77,55,2
-18,-62,-56,-15,-71,-70,-79,95,2
-18,-62,-59,-14,-73,-71,-78,98,2
-17,-63,-60,-14,-72,-72,-77,84,2
-17,-61,-60,-15,-72,-69,-79,83,2
-17,-74,-60,-15,-73,-71,-80,55,2
-16,-59,-60,-35,-69,-81,-78,67,2
-12,-60,-62,-14,-71,-77,-71,64,2
-16,-58,-58,-13,-68,-76,-90,87,2
-21,-61,-62,-16,-76,-74,-74,97,2
-36,-57,-60,-20,-71,-74,-74,72,2
-39,-56,-58,-37,-64,-76,-72,100,2
-36,-57,-61,-38,-63,-79,-71,62,2
-38,-60,-57,-38,-65,-79,-76,57,2
-38,-55,-54,-42,-63,-78,-71,65,2
-38,-58,-53,-40,-63,-77,-70,72,2
-37,-61,-54,-37,-66,-74,-75,59,2
-41,-57,-51,-40,-66,-78,-71,65,2
-41,-53,-49,-38,-71,-69,-75,62,2
-42,-53,-50,-47,-66,-80,-69,71,2
-47,-55,-52,-49,-59,-78,-71,84,2
-41,-58,-53,-38,-65,-79,-72,68,2
-45,-58,-59,-42,-66,-81,-75,81,2
-41,-59,-53,-40,-69,-80,-78,70,2
-46,-58,-59,-40,-71,-78,-76,64,2
-42,-55,-57,-38,-71,-71,-76,51,2
-42,-56,-50,-43,-68,-76,-77,74,2
-41,-58,-58,-42,-64,-79,-80,86,2
-39,-56,-55,-41,-62,-69,-75,99,2
-38,-53,-53,-43,-78,-69,-75,95,2
-45,-58,-55,-38,-68,-76,-75,54,2
-40,-56,-53,-50,-71,-79,-78,89,2
-43,-58,-56,-41,-69,-79,-78,66,2
-45,-57,-58,-45,-77,-78,-80,67,2
-48,-58,-57,-45,-73,-86,-92,67,2
-38,-58,-60,-42,-66,-82,-79,82,2
-45,-58,-58,-40,-70,-86,-80,77,2
-40,-53,-56,-42,-69,-74,-78,79,2
-43,-60,-55,-46,-71,-76,-79,81,2
-41,-59,-54,-41,-58,-80,-80,84,2
-43,-59,-54,-39,-63,-79,-87,81,2
-39,-54,-53,-45,-68,-78,-81,67,2
-48,-56,-54,-39,-67,-78,-82,64,2
-43,-58,-56,-43,-67,-78,-82,97,2
-41,-57,-55,-43,-65,-71,-76,83,2
-39,-56,-54,-48,-61,-78,-67,80,2
-38,-54,-50,-42,-60,-71,-67,92,2
-38,-56,-53,-47,-61,-72,-83,69,2
-39,-56,-55,-39,-68,-74,-73,55,2
-38,-50,-71,-39,-68,-78,-74,94,2
-38,-57,-60,-39,-68,-73,-74,93,2
-37,-50,-53,-42,-65,-72,-71,95,2
-40,-50,-49,-51,-65,-75,-80,54,2
-38,-52,-56,-44,-65,-71,-75,96,2
-38,-51,-54,-45,-67,-72,-76,52,2
-40,-55,-47,-47,-64,-75,-79,63,2
-39,-56,-53,-40,-69,-75,-72,65,2
-43,-58,-50,-45,-71,-68,-74,66,2
-40,-53,-50,-40,-60,-69,-74,82,2
-38,-58,-59,-37,-66,-74,-67,71,2
-38,-63,-61,-43,-64,-76,-76,56,2
-37,-56,-58,-39,-66,-70,-72,51,2
-20,-63,-61,-35,-70,-73,-71,97,2
-39,-57,-55,-37,-67,-70,-73,91,2
-35,-58,-59,-40,-75,-75,-73,62,2
-19,-59,-55,-37,-73,-72,-66,69,2
-20,-56,-55,-37,-61,-79,-72,56,2
-35,-54,-55,-40,-61,-79,-73,79,2
-19,-60,-56,-36,-63,-70,-75,63,2
-15,-60,-59,-37,-65,-74,-73,55,2
-18,-60,-59,-17,-68,-75,-75,69,2
-19,-63,-66,-20,-79,-73,-72,83,2
-14,-59,-64,-16,-79,-76,-72,94,2
-13,-63,-65,-16,-74,-73,-74,93,2
-13,-60,-63,-18,-70,-73,-73,84,2
-12,-60,-68,-15,-74,-73,-70,55,2
-12,-64,-63,-18,-69,-72,-74,99,2
-17,-63,-65,-27,-86,-72,-74,66,2
-27,-59,-56,-38,-62,-75,-79,53,2
-41,-58,-66,-41,-73,-71,-79,80,2
-39,-54,-55,-37,-71,-64,-67,69,2
-38,-56,-55,-39,-75,-71,-75,100,2
-38,-62,-57,-41,-77,-65,-68,92,2
-41,-57,-64,-42,-74,-69,-70,85,2
-43,-59,-63,-40,-74,-66,-64,60,2
-44,-58,-63,-39,-80,-71,-72,70,2
-45,-58,-63,-45,-80,-76,-65,54,2
-44,-57,-64,-40,-75,-69,-64,84,2
-42,-58,-63,-41,-75,-69,-67,51,2
-44,-57,-62,-41,-75,-65,-68,78,2
-45,-58,-62,-40,-73,-70,-67,86,2
-41,-59,-65,-47,-75,-68,-66,58,2
-40,-63,-67,-40,-75,-70,-70,87,2
-40,-56,-57,-35,-84,-70,-66,76,2
-36,-60,-57,-37,-68,-66,-77,90,2
-36,-59,-57,-19,-70,-69,-75,53,2
-17,-59,-63,-15,-70,-76,-85,81,2
-35,-57,-54,-35,-64,-78,-76,67,2
-39,-54,-55,-37,-61,-77,-79,79,2
-42,-56,-52,-36,-75,-68,-81,66,2
-39,-51,-64,-38,-71,-78,-78,92,2
-43,-53,-53,-38,-63,-76,-73,92,2
-40,-56,-56,-38,-66,-77,-74,57,2
-41,-59,-53,-40,-62,-72,-76,52,2
-42,-59,-57,-51,-62,-72,-76,78,2
-49,-62,-59,-43,-78,-79,-81,73,2
-48,-61,-58,-44,-75,-80,-89,78,2
-50,-54,-60,-43,-74,-76,-77,96,2
-49,-56,-58,-42,-77,-76,-78,61,2
-51,-57,-59,-45,-77,-75,-81,55,2
-50,-58,-57,-42,-76,-74,-80,76,2
-48,-58,-58,-44,-71,-77,-79,72,2
-50,-55,-58,-43,-73,-75,-80,70,2
-50,-56,-63,-45,-71,-76,-78,88,2
-50,-57,-58,-44,-82,-75,-78,97,2
-50,-55,-59,-41,-82,-75,-78,59,2
-48,-63,-58,-44,-74,-79,-78,51,2
-45,-56,-60,-46,-81,-79,-75,84,2
-50,-57,-61,-50,-74,-83,-79,55,2
-50,-57,-57,-50,-70,-77,-80,76,2
-50,-55,-57,-48,-80,-81,-76,94,2
-49,-56,-60,-47,-72,-80,-79,94,2
-48,-57,-60,-44,-71,-85,-77,83,2
-49,-56,-59,-49,-74,-82,-80,96,2
-48,-63,-55,-42,-71,-81,-79,82,2
-44,-63,-67,-46,-63,-81,-78,54,2
-40,-59,-67,-50,-68,-79,-78,100,2
-40,-63,-64,-50,-64,-75,-78,70,2
-52,-60,-65,-48,-64,-79,-75,73,2
-42,-58,-65,-46,-71,-77,-73,65,2
-42,-61,-63,-44,-74,-76,-75,66,2
-43,-62,-66,-43,-73,-77,-76,89,2
-41,-60,-65,-51,-72,-74,-78,72,2
-44,-59,-63,-42,-72,-79,-80,78,2
-43,-60,-68,-46,-72,-83,-79,54,2
-40,-58,-60,-49,-72,-74,-80,68,2
-37,-54,-55,-38,-72,-76,-79,96,2
-38,-55,-57,-37,-64,-68,-73,60,2
-37,-56,-55,-38,-71,-75,-78,76,2
-40,-55,-66,-39,-75,-73,-78,95,2
-40,-56,-53,-42,-65,-72,-70,54,2
-40,-59,-57,-39,-67,-81,-74,72,2
-39,-56,-53,-49,-70,-80,-75,61,2
-42,-60,-56,-44,-74,-76,-80,94,2
-44,-54,-54,-45,-73,-71,-79,98,2
-44,-57,-53,-46,-67,-78,-79,57,2
-43,-55,-55,-44,-68,-76,-79,67,2
-39,-59,-57,-42,-75,-78,-74,78,2
-41,-57,-59,-44,-65,-76,-77,88,2
-42,-57,-51,-41,-69,-77,-75,78,2
-45,-58,-55,-46,-69,-75,-73,50,2
-49,-56,-58,-50,-64,-75,-73,66,2
-37,-58,-57,-37,-73,-75,-71,71,2
-35,-58,-55,-38,-61,-74,-79,62,2
-38,-55,-57,-41,-66,-73,-69,65,2
-38,-53,-53,-38,-66,-70,-69,92,2
-40,-50,-52,-48,-68,-73,-71,75,2
-37,-53,-51,-37,-66,-71,-75,84,2
-38,-56,-53,-28,-71,-67,-72,56,2
-38,-51,-53,-37,-67,-67,-68,97,2
-37,-56,-57,-39,-61,-72,-74,63,2
-37,-56,-53,-43,-63,-72,-77,51,2
-37,-59,-54,-39,-72,-75,-70,96,2
-37,-60,-53,-39,-65,-70,-68,53,2
-38,-58,-54,-38,-67,-72,-71,75,2
-37,-60,-52,-38,-65,-70,-70,64,2
-37,-60,-53,-37,-64,-68,-67,85,2
-38,-57,-55,-38,-62,-67,-65,94,2
-38,-56,-56,-37,-62,-67,-67,86,2
-37,-59,-55,-38,-65,-67,-68,82,2
-37,-60,-53,-38,-65,-67,-70,96,2
-37,-61,-55,-40,-63,-70,-67,61,2
-37,-58,-56,-38,-63,-75,-74,53,2
-38,-59,-52,-44,-69,-68,-76,82,2
-48,-58,-56,-38,-65,-67,-76,73,2
-45,-58,-65,-38,-65,-66,-70,59,2
-40,-58,-52,-41,-66,-63,-75,85,2
-38,-52,-59,-48,-67,-64,-75,80,2
-39,-55,-55,-47,-80,-66,-63,93,2
-37,-55,-57,-42,-63,-65,-64,67,2
-43,-53,-51,-42,-73,-71,-66,58,2
-42,-53,-50,-44,-71,-68,-64,50,2
-42,-54,-51,-47,-64,-70,-65,53,2
-42,-55,-49,-45,-64,-70,-65,78,2
-42,-54,-50,-45,-63,-68,-64,78,2
-42,-53,-49,-44,-74,-70,-65,93,2
-40,-54,-49,-43,-62,-70,-65,100,2
-40,-53,-50,-40,-62,-69,-65,71,2
-42,-54,-49,-41,-63,-69,-64,63,2
-40,-52,-51,-45,-64,-70,-65,92,2
-39,-53,-51,-40,-64,-67,-64,55,2
-40,-52,-50,-41,-64,-69,-66,77,2
-40,-55,-49,-40,-61,-69,-66,62,2
-40,-53,-49,-41,-71,-66,-65,87,2
-40,-52,-49,-41,-62,-69,-65,56,2
-40,-53,-53,-40,-64,-64,-73,99,2
-42,-54,-52,-40,-61,-73,-71,60,2
-41,-58,-48,-40,-62,-72,-76,95,2
-41,-55,-58,-43,-60,-71,-72,73,2
-40,-55,-52,-43,-60,-76,-72,88,2
-41,-55,-54,-40,-62,-71,-72,85,2
-39,-53,-51,-43,-70,-72,-70,94,2
-41,-52,-57,-41,-63,-73,-68,64,2
-41,-52,-55,-40,-62,-76,-64,66,2
-36,-60,-53,-35,-72,-71,-64,100,2
-37,-55,-55,-42,-69,-66,-69,56,2
-35,-56,-55,-36,-69,-67,-78,95,2
-37,-54,-55,-42,-63,-71,-78,100,2
-37,-51,-54,-43,-60,-69,-70,59,2
-36,-55,-53,-46,-63,-68,-71,65,2
-38,-54,-53,-42,-69,-72,-66,60,2
-36,-51,-67,-40,-63,-74,-68,98,2
-36,-56,-53,-43,-63,-65,-70,95,2
-35,-53,-55,-47,-61,-66,-71,75,2
-35,-53,-57,-46,-64,-65,-70,82,2
-35,-54,-59,-46,-62,-66,-70,60,2
-35,-53,-58,-44,-63,-68,-71,95,2
-36,-53,-57,-40,-66,-70,-69,71,2
-36,-56,-57,-46,-68,-68,-70,81,2
-37,-50,-56,-39,-67,-69,-70,98,2
-37,-49,-57,-42,-62,-64,-71,96,2
-36,-54,-53,-46,-63,-66,-76,63,2
-35,-59,-57,-42,-66,-71,-70,80,2
-37,-58,-60,-37,-75,-65,-67,86,2
-40,-54,-57,-42,-64,-67,-71,59,2
-44,-58,-58,-41,-75,-70,-64,85,2
-41,-57,-63,-40,-73,-66,-65,83,2
-37,-56,-55,-45,-64,-61,-69,75,2
-41,-58,-54,-42,-71,-65,-71,79,2
-40,-55,-56,-36,-64,-65,-66,71,2
-40,-57,-58,-38,-64,-74,-79,61,2
-39,-51,-57,-36,-64,-65,-71,86,2
-35,-57,-59,-36,-63,-74,-75,74,2
-35,-57,-53,-34,-64,-76,-76,71,2
-19,-57,-59,-38,-66,-72,-71,74,2
-15,-58,-56,-15,-74,-76,-71,62,2
-14,-54,-57,-15,-69,-82,-71,80,2
-10,-57,-57,-36,-73,-82,-72,69,2
-14,-55,-57,-34,-67,-71,-72,88,2
-14,-55,-58,-36,-67,-72,-74,95,2
-15,-55,-57,-16,-71,-72,-74,71,2
-16,-55,-56,-15,-64,-78,-76,54,2
-17,-53,-57,-17,-70,-77,-73,90,2
-34,-55,-58,-15,-65,-73,-72,71,2
-34,-54,-61,-34,-70,-72,-73,80,2
-35,-55,-52,-14,-71,-69,-82,94,2
-18,-50,-57,-36,-62,-66,-71,88,2
-27,-60,-56,-18,-65,-68,-72,50,2
-18,-57,-63,-16,-72,-73,-66,85,2
-18,-57,-63,-34,-72,-65,-75,90,2
-37,-56,-58,-45,-65,-67,-72,69,2
-35,-58,-50,-35,-62,-72,-67,60,2
-37,-51,-56,-36,-62,-72,-71,73,2
-38,-55,-51,-43,-64,-73,-73,69,2
-38,-55,-51,-41,-72,-70,-73,63,2
-43,-55,-54,-42,-58,-71,-72,97,2
-40,-57,-57,-43,-68,-89,-72,52,2
-39,-56,-53,-46,-57,-73,-77,78,2
-36,-57,-52,-40,-66,-75,-75,60,2
-40,-55,-57,-37,-71,-79,-77,63,2
-46,-54,-53,-48,-71,-78,-73,75,2
-40,-57,-51,-46,-65,-75,-79,92,2
-48,-56,-55,-46,-65,-86,-79,60,2
-45,-59,-54,-51,-69,-77,-85,69,2
-46,-58,-56,-43,-70,-72,-80,64,2
-39,-54,-56,-40,-70,-77,-78,71,2
-41,-58,-60,-47,-70,-82,-74,79,2
-40,-54,-54,-45,-71,-76,-74,72,2
-42,-55,-56,-43,-73,-76,-75,92,2
-41,-60,-54,-43,-73,-80,-74,99,2
-42,-54,-55,-49,-67,-80,-74,60,2
-40,-55,-57,-50,-66,-75,-73,90,2
-42,-55,-57,-44,-69,-73,-77,58,2
-45,-55,-54,-43,-71,-89,-77,50,2
-46,-55,-54,-45,-62,-76,-73,59,2
-47,-58,-55,-45,-62,-79,-85,86,2
-46,-59,-55,-49,-69,-74,-84,91,2
-45,-57,-55,-48,-67,-77,-84,81,2
-46,-59,-54,-52,-67,-77,-83,58,2
-43,-55,-54,-47,-67,-77,-79,72,2
-39,-53,-56,-48,-66,-69,-72,54,2
-37,-52,-57,-36,-71,-66,-75,97,2
-42,-52,-54,-35,-65,-69,-73,90,2
-37,-50,-50,-36,-58,-69,-75,77,2
-38,-57,-50,-38,-60,-74,-69,69,2
-39,-55,-54,-48,-76,-73,-80,51,2
-49,-54,-55,-53,-66,-73,-80,61,2
-42,-54,-58,-41,-63,-75,-78,59,2
-40,-55,-53,-36,-60,-77,-77,88,2
-37,-56,-56,-35,-69,-73,-69,56,2
-40,-59,-59,-39,-73,-71,-72,71,2
-36,-58,-59,-36,-69,-71,-77,93,2
-40,-58,-57,-40,-74,-79,-77,70,2
-42,-51,-54,-41,-67,-72,-77,85,2
-41,-55,-53,-37,-64,-79,-76,85,2
-42,-54,-49,-41,-68,-71,-77,100,2
-38,-53,-51,-39,-68,-76,-72,84,2
-34,-48,-51,-37,-70,-78,-69,94,2
-34,-53,-59,-36,-75,-73,-69,100,2
-35,-56,-52,-36,-72,-69,-67,62,2
-36,-55,-55,-36,-60,-73,-72,71,2
-35,-54,-56,-34,-61,-71,-74,68,2
-35,-54,-54,-35,-59,-73,-70,59,2
-36,-54,-54,-36,-62,-71,-70,83,2
-34,-57,-55,-35,-59,-71,-69,85,2
-36,-58,-52,-26,-61,-70,-70,75,2
-34,-61,-52,-27,-61,-67,-69,50,2
-35,-56,-57,-34,-60,-73,-80,69,2
-34,-61,-61,-36,-60,-73,-76,93,2
-35,-59,-57,-27,-61,-71,-76,50,2
-35,-60,-54,-35,-61,-81,-80,72,2
-36,-60,-53,-36,-63,-70,-77,82,2
-34,-62,-57,-36,-61,-71,-71,73,2
-36,-59,-57,-35,-61,-65,-80,80,2
-37,-59,-57,-36,-64,-66,-70,100,2
-36,-59,-55,-36,-65,-66,-70,51,2
-36,-59,-55,-40,-65,-66,-69,55,2
-35,-55,-56,-37,-66,-65,-69,61,2
-34,-55,-55,-36,-62,-70,-71,86,2
-35,-58,-55,-36,-62,-70,-73,73,2
-41,-58,-53,-43,-61,-70,-70,86,2
-37,-56,-58,-36,-80,-72,-70,67,2
-36,-60,-57,-37,-80,-72,-72,56,2
-36,-56,-62,-36,-80,-71,-69,71,2
-35,-53,-62,-35,-68,-70,-69,66,2
-36,-61,-57,-27,-71,-73,-70,67,2
-13,-54,-57,-21,-77,-72,-72,57,2
-12,-54,-54,-11,-70,-75,-74,90,2
-17,-56,-54,-36,-66,-73,-77,74,2
-18,-53,-60,-17,-71,-74,-71,82,2
-36,-54,-56,-16,-61,-64,-79,67,2
-36,-55,-65,-34,-66,-70,-74,64,2
-36,-54,-57,-34,-60,-69,-75,71,2
-39,-57,-54,-38,-56,-70,-72,76,2
-26,-57,-53,-37,-67,-72,-69,95,2
-17,-57,-55,-15,-62,-68,-70,60,2
-17,-56,-57,-35,-71,-69,-74,87,2
-11,-63,-65,-18,-70,-72,-73,66,2
-10,-58,-54,-18,-70,-72,-73,62,2
-12,-55,-57,-16,-70,-76,-75,56,2
-12,-56,-58,-16,-70,-75,-79,95,2
-10,-58,-62,-20,-73,-76,-74,95,2
-13,-55,-55,-21,-70,-73,-77,85,2
-36,-55,-50,-41,-66,-72,-69,78,2
-35,-52,-55,-38,-62,-66,-85,60,2
-38,-54,-52,-36,-63,-65,-70,85,2
-39,-52,-53,-36,-61,-67,-70,57,2
-40,-53,-55,-37,-71,-75,-74,54,2
-40,-54,-52,-38,-60,-69,-75,79,2
-38,-54,-51,-37,-66,-74,-76,64,2
-37,-58,-55,-38,-60,-74,-76,83,2
-41,-53,-56,-36,-62,-75,-77,82,2
-43,-56,-59,-37,-64,-74,-77,56,2
-36,-55,-59,-37,-63,-70,-73,88,2
-48,-53,-60,-36,-58,-73,-77,77,2
-48,-53,-56,-37,-59,-75,-83,67,2
-44,-52,-56,-47,-63,-71,-75,87,2
-38,-53,-54,-43,-70,-77,-75,89,2
-43,-54,-56,-40,-67,-70,-71,76,2
-40,-55,-53,-35,-64,-70,-82,61,2
-40,-54,-52,-39,-65,-70,-74,50,2
-43,-52,-55,-35,-61,-75,-76,76,2
-42,-53,-53,-42,-63,-72,-72,94,2
-40,-56,-53,-44,-69,-77,-79,92,2
-39,-58,-54,-39,-62,-71,-77,60,2
-37,-54,-54,-41,-64,-72,-78,50,2
-39,-52,-50,-39,-61,-75,-71,56,2
-41,-56,-50,-43,-66,-77,-76,64,2
-41,-54,-59,-41,-60,-76,-74,92,2
-42,-54,-54,-43,-59,-74,-72,53,2
-39,-57,-55,-42,-61,-74,-75,50,2
-42,-54,-56,-39,-63,-76,-78,94,2
-38,-56,-48,-39,-63,-70,-73,84,2
-39,-51,-50,-43,-63,-71,-66,59,2
-40,-50,-50,-37,-64,-71,-78,97,2
-37,-55,-56,-37,-67,-70,-66,87,2
-38,-54,-55,-36,-60,-71,-75,90,2
-42,-53,-62,-27,-63,-72,-79,62,2
-36,-51,-52,-37,-70,-71,-64,91,2
-36,-55,-54,-36,-67,-65,-73,63,2
-38,-60,-57,-39,-70,-70,-74,81,2
-36,-50,-58,-41,-74,-74,-69,53,2
-37,-58,-53,-43,-76,-66,-69,79,2
-38,-56,-52,-41,-76,-71,-66,72,2
-36,-56,-56,-37,-59,-66,-75,68,2
-36,-55,-54,-40,-71,-71,-71,76,2
-19,-53,-60,-37,-69,-72,-69,64,2
-37,-53,-54,-37,-67,-79,-72,67,2
-36,-57,-58,-36,-62,-74,-73,92,2
-36,-55,-53,-35,-64,-72,-66,57,2
-37,-53,-56,-35,-74,-76,-79,85,2
-37,-57,-55,-40,-75,-71,-64,52,2
-35,-58,-54,-36,-69,-69,-73,100,2
-36,-57,-56,-37,-69,-77,-72,69,2
-36,-58,-56,-39,-62,-67,-73,96,2
-19,-60,-54,-35,-69,-69,-78,65,2
-17,-62,-54,-22,-65,-70,-72,63,2
-34,-53,-52,-19,-65,-75,-69,58,2
-15,-55,-62,-25,-71,-67,-68,69,2
-14,-56,-57,-35,-68,-77,-72,94,2
-11,-59,-60,-27,-70,-74,-71,54,2
-34,-53,-56,-18,-70,-76,-75,59,2
-36,-54,-56,-35,-61,-70,-79,55,2
-36,-52,-59,-38,-64,-72,-74,66,2
-38,-55,-56,-42,-66,-72,-75,58,2
-38,-54,-53,-36,-66,-73,-75,65,2
-36,-53,-50,-37,-70,-72,-72,78,2
-38,-50,-49,-42,-69,-73,-77,92,2
-38,-53,-52,-40,-63,-73,-77,77,2
-41,-54,-52,-37,-68,-73,-77,93,2
-46,-51,-51,-36,-67,-73,-76,92,2
-40,-53,-51,-37,-78,-73,-77,51,2
-45,-53,-51,-36,-78,-72,-76,73,2
-44,-52,-51,-36,-78,-72,-77,66,2
-44,-53,-52,-36,-70,-72,-76,67,2
-40,-54,-52,-35,-68,-71,-76,81,2
-39,-59,-49,-37,-68,-70,-72,95,2
-39,-52,-56,-36,-64,-68,-69,88,2
-38,-55,-56,-36,-64,-70,-66,62,2
-38,-56,-48,-39,-71,-72,-71,94,2
-37,-57,-51,-39,-71,-71,-72,61,2
-40,-58,-49,-41,-75,-71,-70,89,2
-40,-57,-47,-42,-64,-74,-71,61,2
-40,-58,-47,-41,-65,-73,-70,62,2
-40,-70,-47,-43,-69,-73,-84,77,2
-40,-57,-47,-42,-69,-73,-70,99,2
-38,-52,-50,-41,-69,-68,-72,93,2
-37,-54,-53,-36,-65,-76,-72,78,2
-36,-54,-54,-37,-66,-75,-71,51,2
-36,-58,-54,-27,-67,-73,-78,99,2
-36,-54,-52,-20,-66,-70,-74,84,2
-37,-57,-51,-39,-70,-76,-72,73,2
-35,-51,-53,-37,-63,-72,-76,72,2
-38,-51,-53,-38,-63,-72,-73,87,2
-37,-54,-55,-37,-67,-71,-70,94,2
-36,-52,-55,-36,-69,-64,-70,96,2
-37,-54,-47,-36,-63,-70,-70,87,2
-46,-52,-46,-39,-74,-71,-78,55,2
-44,-50,-57,-45,-61,-72,-67,89,2
-40,-52,-53,-39,-61,-75,-73,66,2
-43,-55,-50,-39,-61,-69,-73,70,2
-43,-55,-52,-42,-60,-74,-67,99,2
-43,-54,-55,-41,-68,-71,-74,54,2
-43,-47,-50,-45,-65,-66,-69,70,2
-37,-46,-51,-39,-63,-69,-69,73,2
-36,-55,-51,-37,-75,-71,-70,55,2
-38,-59,-61,-36,-68,-69,-73,65,2
-36,-55,-58,-37,-76,-72,-69,98,2
-37,-53,-57,-38,-71,-68,-64,58,2
-34,-60,-52,-37,-71,-66,-75,51,2
-34,-54,-56,-42,-68,-76,-75,53,2
-39,-57,-50,-35,-63,-70,-79,90,2
-39,-48,-51,-38,-63,-69,-89,64,2
-38,-52,-62,-37,-69,-73,-71,57,2
-42,-52,-56,-43,-64,-76,-74,97,2
-39,-54,-55,-37,-64,-70,-70,57,2
-43,-57,-52,-40,-58,-72,-70,76,2
-40,-54,-53,-36,-61,-77,-74,78,2
-37,-55,-55,-40,-73,-72,-74,69,2
-38,-58,-62,-41,-64,-76,-73,82,2
-43,-54,-59,-40,-68,-76,-74,51,2
-45,-52,-59,-43,-71,-74,-79,96,2
-45,-57,-59,-43,-71,-74,-79,80,2
-47,-60,-56,-48,-85,-85,-81,67,2
-50,-56,-55,-47,-63,-86,-77,68,2
-48,-57,-56,-49,-64,-87,-76,99,2
-46,-57,-55,-44,-65,-86,-77,100,2
-45,-58,-54,-46,-69,-87,-77,73,2
-48,-54,-50,-49,-61,-81,-84,100,3
-54,-53,-54,-50,-63,-79,-77,77,3
-50,-56,-54,-50,-71,-79,-77,55,3
-49,-57,-52,-51,-60,-89,-83,88,3
-48,-52,-54,-47,-61,-80,-86,71,3
-46,-56,-53,-53,-61,-87,-77,79,3
-52,-56,-58,-48,-59,-87,-92,68,3
-45,-51,-59,-53,-62,-82,-85,94,3
-46,-56,-57,-55,-66,-82,-85,76,3
-49,-53,-55,-46,-59,-81,-93,87,3
-49,-52,-58,-46,-57,-77,-77,91,3
-49,-49,-53,-47,-57,-80,-77,55,3
-50,-49,-54,-48,-62,-79,-75,75,3
-56,-51,-47,-51,-71,-79,-75,91,3
-60,-50,-49,-54,-71,-83,-82,89,3
-60,-54,-50,-50,-60,-84,-85,55,3
-48,-56,-50,-45,-61,-80,-80,91,3
-49,-49,-53,-48,-63,-84,-88,54,3
-48,-50,-55,-50,-66,-78,-75,58,3
-53,-55,-55,-53,-66,-79,-86,65,3
-46,-58,-54,-49,-62,-81,-88,65,3
-46,-56,-54,-49,-63,-81,-82,82,3
-47,-54,-55,-47,-66,-78,-86,100,3
-47,-53,-49,-49,-66,-76,-80,63,3
-45,-54,-48,-49,-65,-78,-81,95,3
-45,-53,-55,-49,-63,-78,-81,93,3
-46,-54,-53,-48,-64,-78,-79,57,3
-45,-54,-54,-48,-63,-78,-82,74,3
-45,-53,-55,-50,-63,-83,-82,88,3
-45,-55,-54,-47,-63,-78,-80,93,3
-46,-53,-54,-46,-63,-79,-82,81,3
-46,-52,-54,-47,-64,-79,-81,83,3
-46,-60,-54,-48,-63,-80,-83,76,3
-46,-54,-53,-47,-63,-85,-80,64,3
-47,-55,-55,-49,-67,-85,-80,100,3
-46,-58,-55,-49,-64,-78,-84,93,3
-46,-60,-56,-47,-66,-83,-85,82,3
-49,-52,-61,-52,-61,-82,-88,63,3
-48,-55,-58,-49,-67,-83,-88,83,3
-48,-52,-52,-56,-68,-81,-84,60,3
-49,-51,-58,-45,-65,-83,-84,59,3
-52,-60,-59,-40,-60,-81,-81,81,3
-52,-56,-56,-41,-63,-77,-80,69,3
-48,-57,-54,-50,-66,-83,-78,93,3
-49,-53,-51,-53,-67,-81,-83,100,3
-48,-53,-51,-50,-66,-79,-86,57,3
-47,-55,-54,-50,-72,-80,-88,86,3
-49,-52,-56,-48,-55,-81,-82,71,3
-53,-54,-59,-54,-62,-81,-82,81,3
-55,-51,-52,-48,-60,-78,-86,82,3
-49,-52,-57,-54,-59,-85,-88,87,3
-54,-55,-52,-50,-58,-78,-86,73,3
-51,-56,-51,-58,-58,-80,-86,79,3
-51,-51,-52,-57,-56,-81,-77,69,3
-46,-54,-50,-54,-59,-81,-77,67,3
-49,-53,-50,-55,-59,-80,-87,72,3
-48,-50,-54,-51,-59,-77,-75,73,3
-49,-53,-53,-51,-64,-79,-80,64,3
-48,-53,-50,-55,-66,-83,-82,73,3
-50,-57,-53,-49,-67,-83,-82,69,3
-45,-59,-56,-54,-64,-84,-78,95,3
-50,-57,-60,-43,-66,-77,-82,73,3
-46,-53,-52,-45,-62,-79,-78,100,3
-47,-53,-55,-57,-62,-80,-78,88,3
-48,-55,-54,-48,-67,-85,-81,70,3
-44,-53,-55,-48,-66,-79,-86,62,3
-43,-55,-53,-52,-60,-78,-86,70,3
-50,-56,-56,-60,-60,-78,-86,51,3
-50,-58,-54,-51,-60,-80,-82,77,3
-51,-56,-51,-55,-62,-85,-83,95,3
-47,-54,-49,-52,-58,-79,-86,71,3
-54,-59,-52,-63,-62,-76,-81,55,3
-52,-57,-51,-55,-65,-85,-85,81,3
-52,-57,-61,-59,-59,-85,-85,76,3
-52,-48,-56,-53,-62,-78,-81,52,3
-49,-55,-51,-49,-63,-81,-73,59,3
-46,-48,-52,-52,-62,-77,-80,76,3
-45,-56,-57,-47,-61,-76,-78,90,3
-48,-55,-58,-52,-64,-92,-79,97,3
-49,-52,-48,-52,-62,-78,-75,54,3
-49,-50,-51,-50,-62,-75,-75,89,3
-49,-55,-48,-49,-62,-79,-84,87,3
-50,-56,-48,-48,-63,-80,-91,57,3
-50,-58,-51,-52,-60,-81,-79,76,3
-49,-52,-46,-48,-60,-79,-80,75,3
-52,-52,-49,-49,-58,-77,-84,55,3
-45,-50,-52,-53,-61,-75,-79,58,3
-49,-52,-48,-44,-59,-80,-78,66,3
-47,-58,-49,-45,-66,-85,-79,87,3
-51,-52,-49,-50,-63,-79,-79,73,3
-49,-51,-53,-41,-64,-77,-79,87,3
-49,-52,-54,-52,-60,-83,-79,90,3
-50,-56,-53,-40,-65,-86,-80,79,3
-47,-58,-56,-44,-64,-80,-85,94,3
-47,-53,-54,-49,-63,-88,-85,94,3
-50,-57,-54,-44,-67,-85,-85,99,3
-46,-57,-52,-43,-69,-86,-85,71,3
-45,-50,-57,-49,-63,-81,-82,72,3
-48,-59,-53,-45,-74,-81,-81,59,3
-46,-55,-58,-47,-64,-78,-78,62,3
-51,-55,-54,-49,-60,-79,-84,86,3
-51,-58,-51,-51,-62,-79,-86,68,3
-53,-59,-51,-41,-59,-78,-77,100,3
-49,-54,-55,-49,-63,-81,-87,69,3
-52,-52,-57,-45,-67,-81,-86,89,3
-50,-55,-51,-57,-58,-86,-86,94,3
-45,-53,-50,-49,-67,-75,-77,58,3
-49,-55,-49,-49,-60,-80,-79,87,3
-46,-53,-54,-52,-64,-79,-84,76,3
-46,-49,-51,-45,-62,-79,-79,82,3
-54,-52,-53,-43,-68,-79,-79,53,3
-51,-55,-50,-50,-59,-79,-85,51,3
-48,-60,-57,-52,-61,-85,-84,60,3
-51,-63,-55,-54,-69,-84,-79,88,3
-52,-64,-54,-56,-70,-84,-78,56,3
-52,-64,-54,-54,-68,-85,-79,71,3
-52,-62,-55,-52,-67,-83,-75,78,3
-52,-60,-52,-54,-66,-85,-79,87,3
-51,-60,-55,-53,-72,-85,-78,52,3
-50,-59,-55,-47,-72,-79,-80,88,3
-51,-52,-56,-56,-63,-79,-80,50,3
-51,-55,-51,-49,-61,-82,-81,79,3
-53,-52,-51,-53,-64,-80,-81,54,3
-51,-51,-52,-52,-63,-84,-78,92,3
-52,-52,-52,-49,-62,-80,-80,88,3
-51,-52,-51,-54,-61,-79,-76,81,3
-51,-54,-52,-57,-62,-79,-79,50,3
-50,-59,-53,-54,-65,-77,-78,88,3
-53,-59,-48,-57,-66,-80,-77,91,3
-52,-57,-50,-52,-65,-79,-77,73,3
-51,-57,-51,-51,-65,-80,-80,73,3
-52,-57,-50,-51,-65,-79,-79,98,3
-52,-57,-49,-50,-66,-80,-80,98,3
-52,-56,-50,-56,-66,-81,-80,74,3
-52,-56,-50,-56,-69,-79,-78,57,3
-53,-58,-50,-52,-66,-78,-79,57,3
-53,-56,-50,-50,-67,-80,-81,64,3
-49,-56,-49,-52,-64,-83,-80,70,3
-52,-56,-47,-53,-61,-78,-79,79,3
-52,-57,-50,-52,-60,-78,-79,74,3
-53,-56,-46,-51,-62,-80,-80,63,3
-53,-57,-50,-54,-60,-80,-81,70,3
-52,-56,-50,-52,-60,-80,-80,64,3
-52,-56,-50,-54,-59,-79,-80,60,3
-52,-58,-51,-53,-60,-80,-80,79,3
-52,-55,-56,-51,-69,-85,-85,95,3
-50,-55,-54,-50,-69,-79,-82,71,3
-53,-55,-54,-51,-69,-79,-81,62,3
-52,-56,-53,-53,-70,-80,-78,75,3
-50,-52,-53,-53,-67,-86,-85,70,3
-49,-58,-55,-52,-60,-83,-84,63,3
-50,-49,-52,-56,-69,-80,-81,93,3
-46,-56,-52,-51,-62,-85,-81,94,3
-48,-53,-54,-45,-61,-86,-83,70,3
-50,-56,-53,-52,-68,-84,-77,87,3
-50,-52,-52,-56,-67,-80,-89,69,3
-51,-53,-52,-55,-68,-78,-91,84,3
-51,-60,-52,-52,-67,-79,-91,74,3
-51,-52,-51,-51,-64,-79,-89,71,3
-52,-52,-50,-49,-66,-77,-88,59,3
-50,-52,-52,-47,-65,-77,-89,66,3
-51,-52,-51,-51,-65,-77,-89,100,3
-51,-52,-51,-47,-65,-76,-87,99,3
-51,-53,-49,-51,-65,-77,-89,55,3
-51,-51,-51,-51,-65,-78,-88,70,3
-51,-52,-51,-50,-69,-77,-88,97,3
-52,-53,-49,-50,-69,-79,-87,63,3
-51,-53,-50,-51,-66,-77,-88,99,3
-51,-52,-52,-50,-69,-78,-86,81,3
-51,-53,-52,-54,-65,-77,-87,83,3
-52,-53,-53,-56,-64,-78,-88,85,3
-50,-53,-52,-50,-64,-78,-88,51,3
-51,-52,-51,-55,-66,-78,-89,73,3
-52,-53,-51,-55,-65,-78,-88,98,3
-51,-52,-52,-56,-68,-79,-87,81,3
-51,-53,-52,-55,-67,-78,-88,97,3
-51,-53,-56,-56,-64,-77,-88,63,3
-51,-52,-53,-55,-64,-78,-91,78,3
-50,-54,-54,-54,-66,-77,-86,71,3
-49,-53,-50,-55,-64,-79,-86,89,3
-51,-52,-50,-56,-67,-79,-91,79,3
-50,-53,-50,-55,-68,-78,-87,77,3
-50,-53,-53,-55,-67,-78,-89,83,3
-50,-52,-52,-55,-67,-79,-91,60,3
-51,-53,-55,-50,-67,-76,-88,73,3
-50,-52,-52,-50,-67,-78,-89,67,3
-48,-54,-54,-49,-67,-77,-89,61,3
-49,-54,-53,-50,-70,-78,-86,96,3
-50,-54,-53,-46,-66,-78,-87,71,3
-50,-54,-52,-49,-67,-79,-86,64,3
-49,-53,-50,-48,-67,-78,-88,89,3
-52,-54,-53,-50,-68,-78,-85,78,3
-50,-53,-52,-55,-67,-77,-88,93,3
-49,-54,-53,-55,-67,-77,-86,61,3
-50,-53,-52,-55,-68,-78,-86,61,3
-49,-52,-53,-54,-65,-77,-88,62,3
-50,-52,-51,-54,-67,-77,-88,83,3
-50,-53,-53,-54,-67,-78,-86,62,3
-49,-52,-52,-53,-65,-77,-85,63,3
-52,-50,-53,-54,-68,-76,-85,84,3
-51,-54,-53,-55,-66,-77,-85,52,3
-51,-52,-56,-52,-66,-80,-89,99,3
-48,-57,-49,-53,-62,-79,-87,61,3
-47,-60,-59,-55,-70,-79,-85,61,3
-57,-58,-56,-55,-71,-84,-87,72,3
-55,-58,-55,-54,-70,-81,-87,56,3
-55,-56,-58,-53,-70,-81,-88,60,3
-55,-66,-57,-52,-70,-84,-84,63,3
-52,-57,-58,-57,-68,-86,-83,92,3
-50,-60,-73,-58,-68,-88,-92,94,3
-49,-59,-57,-50,-72,-80,-91,60,3
-49,-59,-56,-50,-63,-80,-91,91,3
-49,-62,-56,-50,-63,-83,-89,83,3
-49,-61,-56,-49,-64,-84,-89,99,3
-49,-60,-55,-49,-63,-85,-89,51,3
-49,-60,-56,-50,-63,-84,-87,53,3
-49,-61,-55,-49,-62,-84,-89,86,3
-49,-61,-55,-53,-72,-85,-92,86,3
-53,-57,-62,-55,-60,-86,-83,50,3
-51,-56,-60,-48,-60,-86,-83,56,3
-45,-59,-57,-51,-62,-77,-85,55,3
-48,-58,-55,-49,-60,-80,-83,65,3
-49,-64,-53,-52,-63,-73,-78,64,3
-48,-66,-57,-51,-70,-81,-80,85,3
-49,-64,-58,-53,-70,-84,-80,67,3
-48,-61,-57,-51,-67,-83,-76,50,3
-49,-64,-58,-51,-70,-86,-78,56,3
-51,-64,-59,-49,-71,-87,-77,65,3
-51,-62,-59,-50,-66,-85,-77,61,3
-51,-62,-59,-52,-68,-85,-78,86,3
-47,-64,-57,-51,-64,-85,-78,76,3
-45,-63,-60,-53,-67,-83,-85,79,3
-51,-60,-57,-54,-64,-84,-83,50,3
-51,-58,-55,-54,-67,-86,-83,94,3
-49,-52,-52,-51,-63,-78,-74,94,3
-51,-53,-54,-53,-62,-83,-82,60,3
-46,-46,-52,-52,-57,-77,-82,58,3
-48,-46,-50,-54,-63,-87,-77,50,3
-54,-54,-50,-54,-60,-81,-79,54,3
-49,-56,-53,-52,-58,-89,-86,73,3
-52,-52,-53,-53,-56,-78,-79,94,3
-52,-55,-55,-54,-65,-85,-78,51,3
-55,-51,-51,-55,-59,-89,-78,61,3
-63,-52,-51,-56,-59,-89,-84,73,3
-55,-53,-52,-56,-58,-85,-88,63,3
-56,-52,-51,-57,-64,-86,-91,52,3
-56,-52,-50,-58,-57,-85,-88,99,3
-54,-53,-50,-58,-58,-84,-87,83,3
-53,-54,-53,-60,-60,-86,-91,64,3
-49,-54,-50,-55,-63,-85,-81,67,3
-50,-52,-54,-55,-64,-83,-74,78,3
-45,-52,-54,-53,-56,-83,-79,79,3
-45,-50,-50,-55,-57,-76,-75,68,3
-49,-55,-50,-53,-62,-76,-75,69,3
-48,-57,-51,-51,-60,-79,-80,83,3
-47,-50,-53,-47,-63,-76,-79,76,3
-50,-51,-49,-48,-54,-77,-77,72,3
-51,-47,-50,-49,-59,-80,-85,59,3
-46,-55,-48,-52,-62,-80,-79,83,3
-51,-52,-50,-49,-60,-77,-76,89,3
-49,-59,-57,-49,-67,-85,-83,100,3
-50,-56,-51,-49,-67,-84,-81,92,3
-51,-60,-59,-46,-68,-78,-83,64,3
-52,-54,-53,-51,-61,-83,-81,81,3
-46,-51,-50,-48,-64,-82,-78,79,3
-44,-56,-54,-52,-63,-80,-79,83,3
-49,-56,-54,-55,-62,-78,-81,73,3
-47,-52,-56,-56,-62,-83,-83,84,3
-51,-54,-53,-52,-63,-81,-76,82,3
-51,-54,-51,-53,-60,-86,-79,69,3
-45,-52,-52,-51,-64,-84,-84,96,3
-45,-46,-58,-53,-59,-77,-82,84,3
-47,-57,-57,-52,-69,-79,-77,94,3
-54,-61,-51,-44,-63,-79,-76,76,3
-44,-53,-51,-49,-60,-84,-76,55,3
-43,-57,-51,-52,-62,-79,-77,94,3
-50,-54,-49,-46,-64,-85,-77,72,3
-46,-60,-54,-50,-62,-79,-74,83,3
-46,-53,-47,-52,-57,-79,-85,57,3
-51,-48,-56,-53,-61,-80,-79,70,3
-52,-51,-49,-56,-65,-81,-83,95,3
-50,-57,-50,-59,-62,-91,-93,66,3
-53,-53,-50,-55,-59,-86,-81,85,3
-49,-55,-49,-49,-60,-81,-81,87,3
-47,-57,-49,-46,-63,-84,-86,61,3
-51,-52,-48,-48,-62,-85,-78,77,3
-51,-51,-45,-53,-59,-84,-76,68,3
-48,-54,-52,-54,-58,-87,-89,81,3
-50,-54,-51,-50,-66,-87,-85,96,3
-47,-55,-57,-50,-64,-80,-85,68,3
-50,-56,-57,-49,-68,-92,-80,92,3
-48,-57,-54,-47,-66,-79,-79,58,3
-42,-54,-48,-51,-64,-78,-87,53,3
-49,-56,-51,-54,-65,-79,-78,80,3
-51,-59,-51,-48,-67,-79,-79,99,3
-52,-60,-52,-48,-70,-79,-79,66,3
-53,-58,-50,-48,-64,-88,-80,94,3
-47,-54,-51,-47,-66,-88,-80,73,3
-48,-55,-51,-55,-69,-88,-80,84,3
-46,-53,-50,-53,-64,-81,-86,59,3
-52,-60,-51,-46,-63,-84,-77,74,3
-53,-57,-50,-47,-62,-86,-81,52,3
-53,-58,-51,-48,-63,-85,-78,94,3
-53,-58,-51,-48,-63,-88,-80,90,3
-52,-58,-50,-53,-64,-87,-81,96,3
-54,-56,-50,-50,-64,-87,-80,97,3
-52,-52,-51,-51,-74,-86,-80,50,3
-51,-62,-53,-51,-67,-79,-89,65,3
-51,-63,-51,-52,-66,-79,-89,62,3
-52,-61,-51,-52,-66,-80,-89,68,3
-53,-62,-51,-52,-67,-79,-89,57,3
-53,-62,-52,-53,-65,-79,-91,100,3
-46,-60,-52,-55,-61,-85,-85,72,3
-43,-59,-51,-53,-61,-83,-85,100,3
-44,-60,-52,-49,-63,-84,-84,71,3
-47,-57,-57,-52,-62,-86,-84,64,3
-47,-57,-56,-51,-64,-80,-86,89,3
-47,-56,-58,-56,-62,-81,-83,62,3
-48,-55,-58,-50,-63,-81,-86,74,3
-47,-55,-58,-50,-60,-81,-84,66,3
-47,-64,-53,-54,-60,-83,-84,74,3
-45,-63,-57,-55,-58,-79,-85,80,3
-45,-63,-57,-53,-57,-81,-84,81,3
-45,-60,-59,-52,-57,-83,-85,93,3
-45,-60,-56,-54,-59,-84,-85,58,3
-47,-56,-53,-53,-66,-85,-85,86,3
-48,-58,-52,-53,-61,-88,-83,72,3
-46,-55,-53,-52,-57,-81,-86,84,3
-46,-57,-53,-48,-58,-80,-86,76,3
-48,-55,-55,-52,-65,-80,-82,74,3
-53,-56,-51,-50,-61,-83,-81,70,3
-54,-55,-50,-49,-60,-84,-81,80,3
-53,-58,-51,-50,-62,-84,-81,87,3
-53,-54,-54,-50,-61,-82,-84,58,3
-52,-55,-52,-52,-62,-82,-84,57,3
-52,-56,-53,-50,-62,-84,-81,100,3
-52,-55,-51,-49,-62,-86,-84,92,3
-53,-55,-52,-46,-63,-86,-85,69,3
-53,-55,-51,-49,-65,-86,-84,90,3
-52,-54,-51,-49,-63,-87,-84,81,3
-52,-56,-51,-48,-64,-87,-84,90,3
-51,-55,-51,-48,-63,-88,-84,67,3
-52,-56,-51,-46,-63,-86,-82,90,3
-52,-55,-51,-49,-64,-87,-84,65,3
-51,-55,-52,-49,-64,-86,-83,100,3
-52,-54,-52,-49,-63,-86,-81,80,3
-52,-55,-52,-49,-63,-88,-85,51,3
-51,-55,-52,-48,-63,-87,-85,83,3
-52,-57,-53,-49,-61,-88,-85,94,3
-52,-56,-52,-49,-63,-87,-85,76,3
-52,-56,-52,-50,-65,-86,-84,76,3
-52,-56,-51,-50,-65,-87,-82,54,3
-51,-58,-52,-48,-68,-86,-84,69,3
-52,-56,-52,-49,-61,-86,-81,89,3
-52,-55,-52,-50,-61,-86,-84,95,3
-52,-56,-52,-44,-63,-87,-84,83,3
-52,-55,-52,-43,-61,-86,-83,74,3
-51,-57,-52,-49,-60,-84,-83,70,3
-46,-53,-51,-49,-68,-79,-85,83,3
-48,-51,-53,-48,-64,-81,-79,81,3
-49,-58,-49,-51,-59,-89,-79,91,3
-51,-55,-56,-49,-58,-84,-84,57,3
-50,-51,-51,-49,-63,-79,-80,80,3
-52,-57,-53,-47,-57,-80,-83,73,3
-50,-52,-55,-49,-64,-80,-86,83,3
-46,-52,-53,-44,-60,-79,-86,58,3
-45,-54,-53,-45,-68,-75,-84,50,3
-46,-53,-53,-43,-59,-83,-78,59,3
-49,-62,-52,-49,-63,-82,-83,52,3
-48,-57,-53,-43,-64,-81,-85,96,3
-49,-53,-50,-45,-64,-74,-85,65,3
-48,-54,-56,-49,-66,-81,-80,50,3
-49,-53,-55,-52,-57,-86,-86,83,3
-51,-52,-53,-51,-59,-86,-78,92,3
-48,-52,-49,-52,-63,-79,-77,63,3
-46,-52,-51,-55,-60,-80,-76,95,3
-50,-52,-49,-45,-64,-76,-78,71,3
-52,-51,-47,-49,-64,-80,-78,62,3
-47,-53,-50,-52,-65,-80,-78,89,3
-49,-54,-50,-52,-60,-85,-88,70,3
-53,-53,-52,-55,-60,-82,-84,99,3
-53,-56,-55,-51,-62,-78,-82,82,3
-52,-54,-49,-52,-58,-81,-82,77,3
-48,-58,-54,-46,-66,-85,-88,94,3
-51,-55,-59,-51,-58,-87,-81,62,3
-49,-56,-57,-51,-65,-87,-81,57,3
-53,-54,-54,-51,-61,-84,-77,96,3
-50,-49,-57,-49,-61,-82,-86,83,3
-49,-47,-51,-52,-62,-89,-80,91,3
-52,-53,-57,-52,-57,-83,-83,62,3
-53,-48,-52,-52,-59,-81,-82,99,3
-49,-56,-45,-42,-66,-83,-80,95,3
-49,-50,-55,-60,-61,-78,-81,96,3
-49,-50,-55,-49,-54,-85,-76,86,3
-47,-57,-50,-45,-60,-82,-84,75,3
-50,-54,-51,-46,-63,-79,-84,67,3
-47,-52,-49,-43,-57,-80,-79,75,3
-51,-53,-57,-51,-60,-76,-79,97,3
-50,-49,-51,-50,-61,-83,-85,93,3
-49,-54,-52,-52,-63,-83,-85,82,3
-51,-55,-46,-54,-63,-84,-79,74,3
-52,-54,-53,-49,-63,-86,-81,57,3
-48,-57,-52,-51,-62,-86,-81,69,3
-49,-49,-53,-45,-58,-87,-89,54,3
-50,-51,-54,-43,-66,-78,-78,53,3
-49,-53,-51,-42,-63,-79,-88,74,3
-49,-57,-51,-44,-57,-85,-79,64,3
-51,-52,-58,-49,-60,-84,-74,60,3
-50,-56,-47,-52,-58,-88,-76,59,3
-52,-48,-52,-54,-63,-78,-80,96,3
-53,-50,-50,-49,-61,-83,-84,60,3
-53,-47,-54,-53,-59,-83,-84,96,3
-51,-58,-56,-48,-61,-79,-82,56,3
-45,-55,-57,-47,-61,-78,-80,95,3
-49,-50,-51,-44,-60,-83,-79,73,3
-45,-51,-50,-51,-57,-80,-79,87,3
-49,-56,-47,-50,-58,-77,-84,51,3
-47,-58,-51,-43,-65,-80,-80,90,3
-47,-54,-56,-47,-62,-78,-83,54,3
-49,-55,-53,-48,-61,-79,-78,53,3
-47,-57,-52,-44,-67,-78,-75,71,3
-50,-62,-57,-45,-62,-81,-78,85,3
-46,-56,-60,-46,-65,-84,-85,70,3
-51,-55,-53,-50,-63,-79,-86,75,3
-46,-48,-53,-49,-59,-80,-78,100,3
-46,-58,-53,-48,-60,-79,-79,97,3
-49,-45,-50,-48,-61,-79,-84,53,3
-49,-49,-47,-50,-59,-79,-88,77,3
-49,-53,-50,-54,-62,-77,-82,57,3
-52,-54,-55,-55,-60,-74,-78,95,3
-48,-56,-49,-52,-60,-82,-73,71,3
-54,-57,-53,-54,-62,-77,-75,93,3
-48,-54,-49,-59,-63,-78,-80,99,3
-52,-53,-50,-52,-63,-84,-88,67,3
-53,-52,-48,-50,-62,-81,-80,79,3
-53,-53,-51,-50,-66,-82,-82,93,3
-46,-56,-54,-51,-62,-80,-79,86,3
-47,-58,-50,-55,-64,-76,-74,92,3
-48,-47,-52,-56,-61,-77,-77,76,3
-49,-50,-50,-45,-64,-79,-77,83,3
-47,-51,-56,-50,-60,-78,-80,94,3
-52,-50,-52,-49,-63,-80,-85,99,3
-48,-47,-51,-52,-60,-74,-79,64,3
-47,-51,-54,-50,-64,-75,-82,87,3
-49,-52,-53,-49,-64,-77,-83,61,3
-45,-56,-55,-46,-68,-79,-78,95,3
-46,-58,-54,-48,-63,-78,-75,52,3
-51,-51,-59,-46,-60,-80,-82,78,3
-53,-56,-54,-53,-62,-88,-85,97,3
-50,-58,-54,-50,-65,-79,-89,77,3
-52,-51,-53,-54,-68,-88,-84,65,3
-51,-62,-53,-51,-64,-86,-79,96,3
-51,-51,-54,-53,-59,-86,-85,78,3
-50,-68,-48,-56,-63,-80,-77,84,3
-48,-52,-54,-52,-63,-80,-77,55,3
-52,-53,-54,-49,-63,-85,-79,67,3
-51,-54,-54,-54,-62,-85,-78,54,3
-54,-54,-55,-52,-61,-86,-78,55,3
-52,-54,-54,-51,-63,-87,-78,72,3
-52,-53,-56,-49,-62,-83,-80,73,3
-47,-56,-54,-51,-63,-81,-86,58,3
-51,-57,-54,-55,-62,-87,-81,55,3
-49,-54,-52,-56,-60,-85,-73,63,3
-49,-54,-50,-51,-66,-78,-82,91,3
-46,-47,-47,-50,-65,-79,-84,66,3
-51,-54,-44,-52,-56,-79,-79,70,3
-48,-47,-50,-53,-61,-82,-79,66,3
-47,-56,-57,-52,-62,-79,-87,70,3
-51,-55,-50,-53,-62,-78,-84,97,3
-51,-58,-59,-52,-64,-78,-84,82,3
-53,-62,-57,-49,-61,-88,-87,71,3
-48,-59,-54,-55,-60,-84,-87,57,3
-50,-59,-60,-51,-64,-86,-85,60,3
-51,-54,-54,-55,-58,-88,-85,71,3
-49,-58,-50,-56,-64,-81,-81,52,3
-48,-58,-50,-53,-62,-81,-87,73,3
-48,-51,-54,-51,-58,-80,-77,69,3
-48,-54,-53,-51,-61,-77,-80,89,3
-46,-51,-55,-42,-62,-79,-78,50,3
-49,-53,-52,-52,-64,-74,-84,63,3
-50,-55,-52,-47,-65,-83,-91,72,3
-47,-46,-53,-46,-59,-79,-79,74,3
-49,-51,-52,-44,-60,-77,-77,56,3
-48,-53,-51,-43,-64,-74,-77,95,3
-46,-54,-47,-51,-57,-80,-73,70,3
-49,-52,-48,-48,-59,-79,-78,85,3
-49,-51,-50,-53,-64,-79,-78,56,3
-53,-54,-56,-52,-63,-81,-85,65,3
-54,-55,-50,-48,-64,-80,-78,91,3
-51,-56,-51,-47,-62,-79,-85,73,3
-48,-55,-53,-51,-63,-82,-86,90,3
-50,-57,-59,-43,-62,-76,-78,96,3
-50,-53,-52,-50,-61,-79,-83,71,3
-47,-58,-56,-51,-70,-81,-86,94,3
-52,-57,-52,-52,-70,-87,-77,75,3
-52,-60,-51,-54,-61,-86,-87,66,3
-55,-60,-50,-55,-63,-88,-87,92,3
-55,-60,-51,-53,-63,-85,-87,52,3
-53,-58,-51,-51,-62,-84,-85,61,3
-53,-68,-50,-51,-77,-85,-87,56,3
-58,-56,-47,-62,-36,-85,-84,81,4
-61,-52,-49,-56,-46,-84,-83,100,4
-55,-50,-51,-61,-48,-82,-79,75,4
-61,-52,-43,-60,-47,-89,-85,67,4
-58,-59,-44,-57,-54,-82,-89,56,4
-59,-52,-59,-61,-54,-87,-89,70,4
-59,-51,-56,-59,-51,-87,-86,89,4
-59,-52,-56,-59,-51,-89,-84,78,4
-59,-52,-56,-59,-51,-89,-87,63,4
-59,-52,-57,-59,-50,-88,-88,95,4
-59,-53,-57,-60,-51,-89,-95,57,4
-59,-54,-59,-60,-50,-87,-86,89,4
-59,-53,-56,-59,-51,-87,-89,69,4
-59,-53,-57,-59,-50,-88,-88,86,4
-59,-57,-56,-61,-52,-86,-85,86,4
-60,-54,-54,-60,-64,-88,-88,77,4
-59,-53,-57,-60,-51,-87,-88,75,4
-58,-52,-58,-60,-52,-86,-89,95,4
-59,-52,-56,-58,-55,-88,-87,53,4
-59,-52,-55,-60,-55,-87,-88,69,4
-59,-51,-54,-59,-55,-87,-88,56,4
-59,-51,-55,-59,-53,-88,-88,77,4
-59,-56,-55,-59,-54,-87,-88,81,4
-59,-52,-55,-59,-55,-88,-85,63,4
-58,-51,-56,-59,-54,-87,-87,65,4
-59,-50,-55,-59,-54,-88,-87,87,4
-59,-50,-55,-59,-53,-86,-87,64,4
-59,-50,-59,-59,-55,-85,-87,96,4
-59,-51,-55,-59,-54,-87,-88,52,4
-59,-51,-57,-59,-53,-87,-92,62,4
-59,-53,-56,-60,-53,-85,-86,86,4
-59,-53,-57,-62,-55,-88,-85,73,4
-58,-52,-57,-60,-52,-86,-88,77,4
-58,-50,-54,-60,-53,-86,-89,64,4
-59,-52,-57,-60,-54,-91,-89,99,4
-59,-52,-55,-59,-52,-88,-87,80,4
-57,-52,-56,-60,-52,-91,-85,96,4
-57,-51,-56,-57,-50,-88,-86,57,4
-57,-50,-58,-60,-51,-87,-88,98,4
-60,-50,-57,-60,-50,-89,-86,62,4
-59,-51,-56,-58,-51,-95,-84,75,4
-58,-51,-56,-58,-50,-88,-88,95,4
-59,-51,-56,-58,-50,-88,-86,82,4
-59,-50,-57,-59,-51,-87,-85,56,4
-59,-51,-57,-59,-52,-87,-86,57,4
-59,-50,-57,-61,-51,-85,-86,61,4
-59,-51,-54,-60,-50,-87,-86,73,4
-59,-51,-57,-59,-51,-89,-86,50,4
-59,-51,-56,-61,-50,-86,-86,82,4
-59,-50,-57,-60,-49,-91,-86,59,4
-59,-51,-57,-60,-49,-87,-88,54,4
-59,-53,-55,-60,-51,-87,-87,88,4
-59,-52,-57,-58,-50,-86,-88,57,4
-59,-52,-57,-60,-49,-86,-88,86,4
-60,-53,-59,-59,-53,-86,-86,65,4
-57,-52,-56,-62,-52,-92,-85,91,4
-56,-51,-43,-59,-47,-83,-89,66,4
-55,-52,-46,-59,-53,-88,-84,99,4
-56,-58,-48,-60,-51,-85,-85,96,4
-63,-58,-52,-59,-51,-88,-94,99,4
-57,-61,-53,-59,-52,-87,-89,85,4
-58,-61,-52,-61,-53,-85,-88,90,4
-57,-57,-51,-60,-53,-85,-89,60,4
-57,-60,-49,-61,-54,-85,-88,81,4
-57,-61,-56,-60,-53,-86,-86,74,4
-58,-54,-52,-61,-53,-85,-89,80,4
-55,-56,-47,-54,-49,-81,-79,96,4
-58,-55,-55,-54,-49,-78,-79,67,4
-63,-54,-50,-55,-50,-85,-79,83,4
-58,-55,-53,-59,-52,-81,-84,100,4
-59,-59,-52,-60,-51,-87,-86,52,4
-57,-55,-57,-59,-48,-85,-84,87,4
-59,-57,-53,-58,-55,-85,-86,59,4
-59,-59,-52,-59,-53,-87,-87,78,4
-59,-56,-53,-60,-49,-85,-84,60,4
-58,-56,-56,-61,-52,-85,-85,93,4
-58,-59,-56,-60,-50,-86,-83,84,4
-57,-57,-54,-58,-56,-84,-87,93,4
-55,-56,-48,-60,-55,-84,-84,90,4
-52,-61,-48,-60,-51,-80,-80,67,4
-54,-57,-50,-61,-53,-83,-82,79,4
-55,-53,-51,-62,-56,-85,-87,98,4
-58,-55,-51,-66,-54,-86,-85,57,4
-58,-53,-49,-60,-48,-86,-91,87,4
-55,-48,-49,-62,-55,-86,-91,74,4
-59,-57,-50,-59,-50,-89,-80,55,4
-64,-55,-52,-74,-53,-89,-80,96,4
-62,-62,-49,-66,-47,-93,-80,94,4
-64,-57,-53,-64,-47,-88,-91,50,4
-64,-59,-51,-62,-51,-88,-91,67,4
-63,-56,-53,-60,-49,-88,-88,92,4
-61,-58,-54,-63,-47,-88,-81,82,4
-63,-57,-52,-64,-52,-88,-93,89,4
-64,-58,-50,-65,-50,-91,-85,71,4
-66,-57,-55,-64,-52,-91,-87,78,4
-61,-55,-54,-69,-53,-84,-89,66,4
-61,-61,-50,-64,-51,-84,-89,55,4
-60,-60,-51,-64,-53,-87,-87,65,4
-62,-63,-52,-70,-48,-87,-87,99,4
-64,-57,-53,-66,-48,-92,-87,83,4
-63,-54,-53,-65,-52,-92,-89,53,4
-63,-57,-57,-70,-50,-92,-87,94,4
-70,-59,-56,-64,-46,-88,-95,75,4
-65,-62,-49,-67,-45,-88,-94,64,4
-63,-59,-53,-70,-46,-86,-88,77,4
-61,-61,-52,-68,-45,-88,-88,77,4
-62,-61,-51,-68,-48,-88,-88,52,4
-63,-57,-53,-63,-48,-85,-92,96,4
-62,-55,-53,-65,-50,-88,-93,91,4
-64,-59,-52,-65,-50,-88,-85,71,4
-61,-60,-53,-61,-52,-87,-87,70,4
-60,-61,-58,-63,-49,-84,-85,99,4
-63,-57,-57,-62,-51,-89,-84,97,4
-63,-58,-50,-63,-48,-91,-85,62,4
-64,-54,-56,-66,-52,-88,-85,93,4
-63,-59,-51,-72,-55,-96,-92,98,4
-61,-57,-53,-65,-50,-87,-91,83,4
-61,-56,-49,-60,-52,-91,-85,69,4
-61,-55,-45,-55,-56,-85,-85,66,4
-61,-61,-49,-58,-54,-94,-85,96,4
-66,-59,-52,-63,-59,-88,-87,79,4
-61,-61,-51,-62,-54,-85,-91,95,4
-64,-60,-53,-60,-48,-89,-89,77,4
-65,-61,-56,-67,-50,-89,-91,94,4
-64,-66,-58,-70,-50,-89,-93,58,4
-63,-58,-57,-61,-52,-89,-93,80,4
-63,-57,-60,-69,-49,-93,-93,90,4
-64,-55,-55,-62,-49,-93,-85,67,4
-59,-62,-54,-62,-46,-87,-91,70,4
-64,-58,-49,-64,-49,-92,-91,53,4
-66,-54,-53,-71,-48,-92,-91,56,4
-66,-56,-56,-63,-50,-89,-91,78,4
-66,-54,-54,-64,-47,-89,-86,72,4
-67,-55,-56,-64,-50,-88,-87,81,4
-66,-56,-56,-66,-49,-89,-87,55,4
-66,-56,-55,-67,-48,-87,-87,91,4
-66,-57,-56,-64,-49,-89,-87,61,4
-66,-57,-55,-65,-48,-91,-87,78,4
-67,-57,-55,-65,-49,-88,-87,75,4
-68,-57,-54,-64,-51,-89,-87,66,4
-67,-56,-55,-64,-49,-91,-89,89,4
-65,-56,-54,-63,-49,-92,-89,91,4
-64,-55,-55,-66,-49,-88,-88,73,4
-67,-56,-52,-64,-51,-89,-85,94,4
-65,-57,-55,-64,-50,-92,-85,70,4
-65,-57,-56,-63,-48,-92,-85,51,4
-65,-57,-54,-70,-50,-88,-85,95,4
-66,-57,-55,-65,-51,-88,-88,67,4
-66,-59,-47,-67,-51,-94,-88,96,4
-66,-59,-45,-67,-52,-93,-92,58,4
-69,-58,-46,-66,-48,-95,-93,90,4
-65,-57,-45,-69,-48,-91,-94,81,4
-64,-59,-46,-65,-48,-91,-91,98,4
-63,-59,-45,-65,-47,-89,-92,79,4
-63,-58,-46,-66,-49,-93,-93,71,4
-63,-58,-47,-66,-48,-93,-92,52,4
-64,-59,-45,-65,-51,-93,-92,56,4
-64,-58,-45,-65,-51,-92,-92,81,4
-64,-60,-45,-66,-52,-92,-92,93,4
-64,-60,-44,-66,-52,-91,-92,79,4
-65,-57,-45,-66,-47,-92,-92,68,4
-64,-58,-45,-66,-48,-89,-93,60,4
-66,-58,-47,-68,-47,-88,-91,82,4
-67,-64,-47,-64,-50,-88,-91,50,4
-61,-60,-50,-63,-45,-88,-91,82,4
-64,-56,-51,-65,-49,-91,-94,57,4
-63,-56,-55,-60,-52,-86,-98,86,4
-64,-57,-53,-61,-50,-86,-98,92,4
-64,-54,-55,-59,-52,-88,-98,89,4
-61,-57,-54,-65,-52,-89,-88,91,4
-65,-56,-49,-61,-44,-88,-91,69,4
-64,-58,-51,-59,-40,-88,-87,88,4
-58,-57,-50,-60,-47,-84,-86,95,4
-60,-53,-50,-66,-39,-86,-86,79,4
-61,-56,-44,-61,-49,-91,-86,93,4
-61,-51,-49,-59,-56,-91,-89,52,4
-65,-52,-48,-63,-48,-91,-88,92,4
-69,-52,-48,-66,-48,-88,-87,91,4
-67,-52,-46,-66,-47,-89,-87,69,4
-67,-53,-46,-64,-48,-88,-87,63,4
-66,-52,-48,-71,-55,-88,-87,84,4
-65,-52,-46,-65,-49,-88,-87,85,4
-65,-52,-46,-64,-49,-88,-87,98,4
-65,-54,-46,-65,-51,-91,-89,79,4
-65,-51,-49,-63,-49,-92,-91,66,4
-64,-48,-54,-58,-52,-80,-88,99,4
-60,-52,-45,-58,-51,-87,-80,95,4
-57,-54,-46,-53,-44,-85,-84,89,4
-58,-54,-44,-59,-47,-83,-86,84,4
-55,-57,-49,-52,-53,-82,-86,86,4
-59,-53,-49,-56,-49,-83,-88,96,4
-60,-57,-58,-58,-50,-83,-88,72,4
-64,-55,-55,-58,-51,-89,-88,50,4
-64,-54,-52,-58,-52,-89,-88,100,4
-59,-53,-49,-59,-45,-89,-88,95,4
-60,-52,-49,-61,-51,-85,-81,84,4
-61,-58,-52,-61,-45,-92,-81,84,4
-60,-56,-43,-61,-50,-89,-87,83,4
-62,-57,-44,-61,-44,-89,-87,55,4
-62,-58,-49,-64,-42,-86,-89,52,4
-61,-54,-45,-66,-45,-88,-87,62,4
-60,-55,-47,-59,-54,-91,-80,81,4
-57,-59,-44,-60,-56,-87,-85,63,4
-56,-54,-48,-57,-51,-84,-89,65,4
-58,-54,-46,-55,-50,-87,-91,62,4
-58,-51,-46,-58,-50,-79,-87,61,4
-59,-55,-48,-59,-52,-86,-85,68,4
-57,-61,-54,-64,-48,-87,-91,89,4
-64,-55,-52,-61,-50,-92,-94,62,4
-62,-57,-50,-62,-49,-93,-86,59,4
-65,-58,-56,-61,-49,-89,-88,69,4
-62,-58,-50,-58,-47,-95,-87,61,4
-57,-52,-44,-59,-51,-88,-85,98,4
-55,-53,-47,-57,-50,-85,-85,85,4
-57,-52,-46,-60,-43,-88,-85,50,4
-64,-57,-48,-60,-39,-88,-85,53,4
-60,-51,-53,-63,-42,-87,-82,80,4
-63,-62,-49,-63,-45,-92,-86,76,4
-59,-52,-44,-57,-49,-85,-87,70,4
-58,-56,-52,-54,-52,-87,-84,81,4
-61,-57,-51,-56,-49,-88,-85,76,4
-59,-57,-56,-65,-49,-92,-91,90,4
-59,-57,-52,-71,-49,-92,-88,86,4
-59,-56,-56,-65,-49,-92,-88,96,4
-59,-56,-58,-66,-51,-92,-88,56,4
-60,-58,-55,-65,-50,-91,-86,50,4
-60,-58,-57,-68,-50,-96,-87,78,4
-61,-58,-58,-67,-50,-96,-85,86,4
-59,-57,-56,-65,-49,-91,-86,58,4
-61,-58,-57,-66,-49,-93,-86,72,4
-60,-57,-56,-65,-50,-96,-87,70,4
-61,-58,-56,-67,-50,-95,-88,71,4
-61,-57,-54,-67,-52,-89,-86,75,4
-58,-57,-55,-66,-51,-88,-87,61,4
-60,-57,-55,-65,-51,-94,-86,53,4
-60,-58,-56,-64,-52,-93,-86,69,4
-58,-56,-56,-64,-50,-82,-87,76,4
-61,-55,-55,-66,-61,-83,-92,65,4
-60,-56,-57,-65,-49,-85,-89,57,4
-60,-58,-56,-66,-51,-85,-89,62,4
-61,-56,-57,-65,-54,-85,-88,83,4
-61,-57,-57,-66,-55,-83,-87,100,4
-60,-57,-56,-64,-52,-84,-88,52,4
-61,-59,-56,-64,-50,-85,-87,83,4
-61,-56,-55,-63,-52,-84,-87,100,4
-58,-61,-56,-64,-49,-83,-87,72,4
-61,-56,-55,-63,-47,-85,-89,93,4
-61,-58,-48,-57,-52,-91,-92,90,4
-61,-55,-54,-72,-45,-89,-92,60,4
-62,-61,-52,-69,-42,-88,-92,83,4
-64,-57,-54,-69,-43,-88,-92,86,4
-63,-58,-54,-69,-43,-91,-92,84,4
-63,-59,-54,-77,-42,-91,-92,71,4
-64,-59,-55,-66,-44,-93,-92,89,4
-64,-59,-51,-67,-43,-88,-92,54,4
-62,-60,-55,-67,-43,-88,-92,85,4
-63,-58,-54,-67,-43,-88,-98,63,4
-62,-59,-53,-64,-44,-89,-98,80,4
-61,-62,-54,-69,-46,-93,-98,98,4
-62,-59,-52,-69,-46,-91,-98,60,4
-58,-57,-46,-56,-43,-89,-85,74,4
-60,-53,-48,-61,-46,-85,-85,92,4
-56,-55,-43,-57,-52,-93,-85,51,4
-57,-54,-54,-59,-51,-88,-87,58,4
-56,-55,-50,-59,-62,-84,-86,53,4
-58,-56,-46,-56,-62,-84,-87,59,4
-59,-54,-51,-59,-58,-80,-87,75,4
-58,-54,-53,-60,-47,-82,-83,69,4
-63,-54,-47,-64,-50,-83,-88,85,4
-58,-55,-57,-64,-47,-85,-89,79,4
-63,-57,-47,-64,-49,-86,-81,88,4
-63,-58,-50,-57,-46,-91,-93,74,4
-60,-54,-56,-65,-43,-88,-87,50,4
-59,-56,-49,-57,-45,-88,-88,78,4
-56,-56,-40,-62,-50,-86,-86,89,4
-63,-52,-43,-63,-51,-87,-88,83,4
-60,-56,-44,-53,-46,-87,-88,83,4
-64,-56,-48,-62,-53,-88,-87,82,4
-59,-56,-41,-54,-46,-89,-88,69,4
-60,-59,-51,-59,-53,-88,-88,53,4
-62,-58,-54,-61,-52,-88,-85,59,4
-61,-53,-50,-59,-46,-84,-93,100,4
-60,-56,-44,-59,-46,-81,-86,94,4
-64,-57,-52,-60,-40,-87,-87,58,4
-63,-56,-51,-57,-45,-88,-88,88,4
-61,-54,-52,-65,-49,-85,-91,73,4
-60,-63,-54,-63,-47,-88,-92,54,4
-61,-55,-52,-61,-44,-88,-92,74,4
-62,-58,-52,-63,-50,-87,-88,89,4
-63,-57,-55,-63,-49,-88,-81,91,4
-64,-63,-56,-64,-47,-92,-83,80,4
-71,-59,-52,-62,-48,-91,-83,87,4
-57,-53,-51,-57,-48,-88,-85,91,4
-61,-55,-46,-57,-46,-83,-85,70,4
-56,-53,-49,-60,-48,-82,-85,66,4
-61,-56,-52,-62,-52,-82,-87,92,4
-64,-58,-48,-63,-42,-85,-93,77,4
-58,-56,-44,-60,-47,-84,-85,99,4
-58,-51,-49,-61,-48,-88,-85,75,4
-57,-55,-45,-59,-50,-85,-85,53,4
-61,-52,-48,-57,-47,-85,-85,74,4
-59,-50,-51,-59,-51,-83,-85,77,4
-60,-52,-48,-61,-48,-83,-84,81,4
-61,-55,-45,-57,-53,-91,-82,62,4
-56,-51,-45,-54,-52,-79,-85,87,4
-56,-60,-55,-55,-53,-88,-85,63,4
-60,-60,-46,-54,-49,-81,-83,91,4
-58,-57,-46,-55,-50,-87,-85,63,4
-59,-56,-50,-60,-52,-81,-85,85,4
-57,-56,-49,-58,-50,-87,-85,72,4
-60,-58,-53,-55,-53,-83,-84,96,4
-61,-52,-49,-58,-51,-91,-84,67,4
-57,-57,-48,-59,-49,-88,-88,93,4
-58,-54,-49,-60,-55,-91,-93,93,4
-60,-59,-50,-58,-45,-87,-89,96,4
-61,-57,-50,-59,-46,-91,-89,95,4
-63,-53,-59,-62,-45,-88,-86,76,4
-63,-56,-51,-64,-49,-88,-89,90,4
-63,-57,-55,-60,-50,-86,-92,90,4
-62,-62,-55,-64,-42,-86,-92,96,4
-63,-56,-50,-56,-49,-89,-92,66,4
-61,-56,-52,-58,-52,-82,-85,85,4
-59,-49,-44,-61,-45,-89,-89,59,4
-60,-61,-49,-60,-50,-89,-88,73,4
-59,-55,-49,-60,-42,-92,-93,91,4
-61,-54,-50,-63,-42,-92,-93,71,4
-60,-49,-48,-62,-48,-85,-93,87,4
-59,-49,-45,-57,-52,-80,-82,59,4
-62,-56,-49,-58,-45,-85,-82,58,4
-65,-54,-53,-61,-43,-84,-83,82,4
-64,-59,-53,-63,-52,-87,-83,67,4
-62,-58,-52,-65,-49,-89,-84,50,4
-61,-54,-48,-64,-49,-89,-81,65,4
-57,-51,-49,-64,-52,-88,-81,75,4
-59,-52,-49,-55,-56,-83,-81,98,4
-57,-60,-47,-59,-50,-79,-88,91,4
-61,-56,-48,-62,-54,-88,-86,81,4
-60,-51,-51,-59,-54,-86,-89,88,4
-57,-56,-48,-66,-49,-84,-91,67,4
-61,-56,-47,-60,-48,-83,-87,55,4
-58,-49,-50,-61,-51,-83,-87,54,4
-58,-50,-43,-56,-55,-83,-87,58,4
-58,-53,-48,-58,-54,-88,-89,53,4
-57,-56,-48,-59,-47,-86,-89,72,4
-58,-57,-48,-64,-52,-92,-87,97,4
-59,-57,-48,-69,-52,-87,-87,61,4
-58,-54,-53,-64,-51,-87,-91,95,4
-59,-55,-55,-62,-47,-91,-84,55,4
-59,-55,-54,-64,-44,-86,-86,61,4
-60,-53,-52,-64,-46,-85,-83,90,4
-60,-54,-53,-64,-47,-85,-86,67,4
-63,-53,-52,-64,-47,-93,-86,85,4
-61,-53,-48,-62,-52,-86,-85,61,4
-61,-56,-46,-60,-50,-84,-86,96,4
-64,-55,-48,-61,-50,-83,-87,91,4
-64,-58,-47,-61,-52,-85,-86,53,4
-62,-53,-48,-61,-50,-85,-86,83,4
-58,-56,-50,-58,-47,-87,-80,56,4
-58,-60,-50,-61,-50,-87,-78,77,4
-58,-56,-49,-60,-53,-86,-91,94,4
-59,-55,-46,-66,-50,-86,-91,81,4
-58,-57,-50,-58,-50,-82,-84,88,4
-62,-57,-48,-63,-47,-88,-84,56,4
-62,-59,-50,-66,-54,-95,-84,50,4
-60,-57,-50,-63,-49,-87,-86,87,4
-62,-59,-48,-65,-51,-87,-86,83,4
-58,-65,-47,-71,-51,-86,-83,85,4
-58,-56,-48,-65,-49,-87,-81,88,4
-63,-54,-49,-62,-43,-89,-91,59,4
-64,-57,-47,-58,-46,-89,-86,100,4
-60,-55,-54,-58,-55,-86,-88,67,4
-63,-56,-52,-65,-47,-82,-92,54,4
-59,-57,-49,-66,-41,-87,-86,86,4
-62,-53,-55,-65,-49,-87,-87,56,4
-61,-58,-46,-69,-53,-82,-81,90,4
-61,-58,-50,-59,-52,-84,-84,57,4
-60,-56,-48,-61,-49,-92,-82,79,4
-55,-50,-46,-57,-48,-76,-87,79,4
-56,-54,-43,-60,-50,-86,-85,75,4
-58,-57,-49,-64,-49,-89,-81,67,4
-58,-52,-49,-60,-47,-87,-92,80,4
-57,-55,-50,-63,-50,-89,-79,88,4
-57,-57,-50,-59,-54,-85,-81,90,4
-58,-58,-51,-61,-51,-85,-89,64,4
-59,-54,-48,-62,-47,-85,-89,96,4
-57,-54,-48,-55,-47,-82,-86,81,4
-60,-54,-50,-70,-48,-84,-84,96,4
-59,-59,-49,-62,-47,-82,-81,82,4
-56,-48,-43,-62,-43,-83,-82,81,4
-59,-50,-45,-60,-48,-83,-85,76,4
-56,-54,-50,-58,-50,-83,-85,72,4
-59,-53,-45,-60,-51,-87,-86,99,4
-54,-46,-48,-55,-48,-84,-85,50,4
-58,-53,-44,-62,-52,-84,-88,69,4
-61,-52,-48,-61,-45,-90,-88,78,4
-60,-50,-51,-62,-49,-87,-84,99,4
-60,-53,-52,-62,-50,-91,-88,50,4
-58,-53,-52,-62,-51,-85,-83,89,4
-59,-51,-49,-63,-45,-86,-83,92,4
-59,-52,-44,-64,-43,-87,-83,76,4
-61,-49,-42,-66,-43,-80,-91,64,4
-62,-54,-48,-62,-48,-86,-86,55,4
-57,-49,-44,-60,-50,-84,-86,74,4
-64,-51,-44,-61,-50,-88,-85,56,4
-58,-53,-42,-61,-51,-87,-82,82,4
-56,-53,-42,-61,-55,-87,-82,92,4
-56,-55,-44,-60,-49,-84,-80,92,4
-56,-53,-42,-61,-49,-83,-83,81,4
-59,-50,-45,-63,-49,-84,-86,88,4
-59,-58,-48,-65,-53,-83,-90,93,4
-60,-55,-42,-63,-53,-91,-79,82,4
-59,-51,-46,-58,-46,-90,-90,51,4
-63,-53,-47,-58,-46,-90,-81,88,4
-57,-51,-47,-61,-50,-90,-88,56,4
-58,-56,-51,-65,-53,-87,-87,70,4
-62,-53,-52,-59,-48,-87,-92,57,4
-63,-54,-52,-59,-44,-86,-92,93,4
-57,-58,-52,-66,-46,-86,-90,77,4
-61,-60,-52,-57,-51,-91,-86,60,4
-61,-59,-52,-55,-48,-91,-84,76,4
-61,-57,-51,-56,-46,-88,-85,60,4
-60,-57,-52,-59,-47,-88,-85,68,4
-61,-58,-53,-57,-45,-86,-90,79,4
-58,-58,-51,-57,-49,-86,-90,78,4
-59,-54,-49,-60,-46,-86,-87,86,4
-57,-61,-45,-62,-48,-87,-88,81,4
-61,-54,-48,-58,-47,-91,-88,61,4
-61,-52,-49,-68,-45,-85,-92,89,4
-57,-56,-47,-58,-44,-88,-82,73,4
-57,-56,-48,-60,-49,-84,-88,94,4
-57,-50,-47,-58,-46,-88,-88,79,4
-58,-55,-51,-61,-44,-88,-86,65,4
-58,-56,-52,-58,-48,-87,-85,71,4
-58,-58,-46,-57,-47,-81,-80,58,4
-59,-53,-51,-54,-45,-79,-87,52,4
-60,-50,-48,-55,-46,-79,-87,51,4
-59,-58,-48,-53,-55,-80,-88,65,4
-59,-56,-49,-58,-52,-88,-84,73,4
-58,-57,-45,-58,-42,-88,-88,84,4
-55,-49,-51,-56,-50,-84,-88,57,4
-55,-51,-48,-68,-51,-82,-86,67,4
-58,-52,-51,-59,-49,-82,-86,84,4
-59,-52,-50,-55,-49,-87,-86,95,4
-59,-52,-52,-56,-50,-86,-86,97,4
-58,-52,-50,-55,-48,-87,-90,65,4
-57,-54,-51,-60,-47,-84,-88,71,4
-55,-50,-49,-60,-45,-86,-87,86,4
-55,-52,-45,-62,-46,-87,-85,77,4
-62,-51,-46,-61,-49,-87,-85,66,4
-60,-55,-46,-59,-49,-87,-83,92,4
-59,-55,-48,-59,-46,-86,-83,93,4
-60,-54,-45,-59,-45,-88,-83,86,4
-56,-50,-47,-60,-50,-88,-83,73,4
-59,-53,-49,-56,-47,-87,-82,57,4
-59,-52,-50,-55,-55,-87,-85,51,4
-61,-50,-50,-58,-48,-88,-87,55,4
-57,-52,-48,-58,-51,-86,-87,78,4
-58,-51,-51,-56,-54,-85,-83,52,4
-56,-52,-50,-57,-53,-87,-86,55,4
-57,-53,-50,-61,-56,-84,-83,60,4
-59,-55,-50,-57,-52,-78,-83,77,4
-61,-50,-51,-59,-55,-87,-83,70,4
-56,-51,-52,-59,-48,-87,-82,93,4
-56,-53,-51,-59,-50,-84,-84,77,4
-57,-50,-51,-59,-51,-83,-84,67,4
-57,-53,-50,-59,-52,-83,-82,57,4
-56,-54,-49,-58,-48,-83,-84,53,4
-56,-50,-51,-60,-58,-81,-84,92,4
-58,-55,-50,-60,-48,-87,-93,71,4
-60,-52,-46,-56,-48,-84,-86,66,4
-58,-55,-50,-54,-48,-80,-86,90,4
-61,-51,-52,-56,-47,-86,-90,54,4
-60,-52,-51,-55,-48,-86,-90,51,4
-63,-61,-49,-58,-46,-92,-83,77,4
-61,-54,-45,-54,-43,-88,-80,80,4
-57,-53,-45,-54,-52,-84,-82,72,4
-56,-60,-47,-58,-46,-80,-82,100,4
-55,-57,-43,-59,-53,-81,-85,67,4
-55,-54,-43,-60,-51,-84,-88,76,4
-56,-55,-45,-59,-52,-84,-86,87,4
-55,-54,-46,-60,-50,-84,-86,86,4
-56,-54,-47,-59,-52,-84,-91,98,4
-56,-55,-44,-61,-51,-84,-87,99,4
-57,-55,-48,-59,-51,-81,-86,65,4
-59,-54,-49,-58,-52,-83,-93,92,4
-58,-53,-46,-59,-50,-86,-90,84,4
-56,-55,-44,-60,-51,-84,-86,90,4
-56,-53,-43,-61,-58,-80,-85,52,4
-57,-55,-50,-57,-49,-84,-85,82,4
-56,-55,-54,-61,-46,-79,-79,55,4
-57,-54,-49,-61,-43,-79,-85,64,4
-59,-53,-45,-57,-45,-81,-82,67,4
-57,-56,-53,-62,-48,-87,-88,93,4
-63,-55,-50,-63,-50,-91,-85,60,4
-61,-54,-51,-63,-44,-87,-88,72,4
-59,-59,-48,-66,-50,-86,-94,68,4
-59,-56,-50,-62,-47,-87,-90,92,4
-62,-59,-46,-65,-45,-87,-88,63,4
-62,-58,-52,-61,-41,-90,-85,97,4
-59,-50,-45,-60,-45,-88,-87,68,4